elevation,mindate,maxdate,latitude,name,datacoverage,id,elevationUnit,longitude
231.6,1931-01-01,2015-11-01,41.9163,"ADRIAN 2 NNE, MI US",0.9814,COOP:200032,METERS,-84.0158
331.6,2010-01-01,2015-11-01,47.292,"AHMEEK 1 SW, MI US",0.9864,COOP:200050,METERS,-88.4209
179.5,1997-07-01,2003-12-01,43.6097,"AKRON 7 NW, MI US",0.9227,COOP:200084,METERS,-83.6336
399.3,1957-10-01,2015-11-01,46.6448,"ALBERTA FORD FOR CENTER, MI US",0.8267,COOP:200089,METERS,-88.4812
286.5,1931-01-01,2015-11-01,42.2486,"ALBION, MI US",0.9578,COOP:200094,METERS,-84.7736
176.8,2004-04-01,2015-11-01,42.6158,"ALGONAC WWTP, MI US",0.9858,COOP:200106,METERS,-82.5436
228.6,1931-01-01,2007-11-01,42.5799,"ALLEGAN 5 NE, MI US",0.9575,COOP:200128,METERS,-85.7893
222.2,1931-01-01,2015-11-01,43.3869,"ALMA, MI US",0.9843,COOP:200146,METERS,-84.6482
208.5,1931-01-01,2015-11-01,45.0716,"ALPENA CO REGIONAL AIRPORT, MI US",0.9863,COOP:200164,METERS,-83.5644
225.6,1998-05-01,2008-05-01,45.1627,"ALPENA 10 NW, MI US",0.9997,COOP:200166,METERS,-83.5905
179.8,1948-05-01,2015-11-01,45.0605,"ALPENA WASTEWATER PLANT, MI US",0.9679,COOP:200169,METERS,-83.428
445,2007-10-01,2010-06-01,46.22889,"AMASA, MI US",0.7276,COOP:200194,METERS,-88.44444
448.1,1999-02-01,2015-11-01,46.2347,"AMASA 1 W, MI US",0.9111,COOP:200197,METERS,-88.4544
263.7,2008-05-01,2014-12-01,42.2875,"ANN ARBOR 1 W, MI US",0.9996,COOP:200220,METERS,-83.7611
253.6,2003-04-01,2015-11-01,42.2416,"ANN ARBOR SE, MI US",0.9999,COOP:200228,METERS,-83.6933
247.8,1931-01-01,2015-11-01,42.29806,"ANN ARBOR U OF MICH, MI US",0.9775,COOP:200230,METERS,-83.66388
228.6,2008-01-01,2008-09-01,42.8461,"ARMADA 2 E, MI US",0.9998,COOP:200232,METERS,-82.8425
338.6,2007-10-01,2015-11-01,46.07511,"ARNOLD 2 N, MI US",0.8979,COOP:200234,METERS,-87.48987
267.9,2005-02-01,2015-11-01,45.00471,"ATLANTA, MI US",1,COOP:200342,METERS,-84.14043
359.7,1931-01-01,2004-11-01,45.02833,"ATLANTA 5 WNW, MI US",0.8839,COOP:200343,METERS,-84.23306
184.4,2004-11-01,2015-11-01,43.6252,"AUBURN 2 NE, MI US",0.9928,COOP:200361,METERS,-84.0188
234.7,1997-11-01,2005-01-01,43.12556,"AVOCA 4 N, MI US",1,COOP:200373,METERS,-82.68861
217.9,1931-01-01,2015-11-01,43.808,"BAD AXE, MI US",0.9637,COOP:200417,METERS,-82.9938
225.6,1997-09-01,2006-07-01,43.8302,"BAD AXE 8 E, MI US",0.9348,COOP:200420,METERS,-82.8425
254.5,1936-11-01,2015-11-01,43.9005,"BALDWIN, MI US",0.9452,COOP:200446,METERS,-85.8505
236.5,2010-01-01,2015-11-01,46.7953,"BARAGA 5 W, MI US",0.9441,COOP:200495,METERS,-88.6014
198.7,2008-10-01,2015-11-01,46.8208,"BARAGA 7 NW, MI US",1,COOP:200497,METERS,-88.6064
283.5,1931-01-01,2015-11-01,42.3667,"BATTLE CREEK 5 NW, MI US",0.9568,COOP:200552,METERS,-85.2667
190.5,1948-07-01,2014-01-01,44.9758,"BELLAIRE, MI US",0.0405,COOP:200662,METERS,-85.198
190.5,1941-06-01,2015-11-01,42.1245,"BENTON HARBOR AIRPORT, MI US",0.9653,COOP:200710,METERS,-86.4266
196,2011-01-01,2015-11-01,42.1256,"BENTON HARBOR, MI US",1,COOP:200711,METERS,-86.4284
202.7,2004-08-01,2008-06-01,42.4933,"BERKLEY, MI US",1,COOP:200716,METERS,-83.175
396.2,1939-01-01,2015-11-01,46.5869,"BERGLAND DAM, MI US",0.9686,COOP:200718,METERS,-89.5475
235.6,2003-02-01,2015-11-01,44.5316,"BEULAH 7 SSW, MI US",1,COOP:200758,METERS,-86.1311
185.3,1961-04-01,2014-01-01,46.8864,"BIG BAY 8 NW, MI US",0.0284,COOP:200766,METERS,-87.8639
233.2,1964-03-01,2015-11-01,46.8325,"BIG BAY 1 NW, MI US",0.7649,COOP:200770,METERS,-87.7504
283.5,1931-01-01,2015-11-01,43.7072,"BIG RAPIDS WATERWORK, MI US",0.9833,COOP:200779,METERS,-85.4822
210.3,2001-11-01,2015-11-01,41.84,"BLISSFIELD 1 NNE, MI US",0.9528,COOP:200842,METERS,-83.8608
224.3,1931-01-01,2015-11-01,42.3838,"BLOOMINGDALE, MI US",0.951,COOP:200864,METERS,-85.9626
221.9,1961-05-01,2015-11-01,45.1672,"BOYNE FALLS, MI US",1,COOP:200925,METERS,-84.9138
304.8,2009-06-01,2014-12-01,42.1128,"BROOKLYN 2 ENE, MI US",0.9997,COOP:201017,METERS,-84.2097
246.9,2000-02-01,2010-12-01,43.2172,"BROWN CITY, MI US",0.9924,COOP:201052,METERS,-82.9905
185.9,2004-11-01,2005-12-01,42.14,"BROWNSTOWN, MI US",1,COOP:201062,METERS,-83.2747
345.9,1978-08-01,2014-01-01,46.5345,"BRUCE CROSSING, MI US",0.0215,COOP:201088,METERS,-89.1839
230.7,2005-08-01,2015-11-01,43.0675,"BURTON 4 N, MI US",0.7904,COOP:201150,METERS,-83.5919
262.1,1998-01-01,2002-05-01,42.80861,"BYRON 4 WSW, MI US",1,COOP:201172,METERS,-84.035
394.7,1931-01-01,2015-11-01,44.2655,"CADILLAC, MI US",0.9912,COOP:201176,METERS,-85.3966
415.4,2009-07-01,2015-11-01,44.21138,"CADILLAC 9 AND 10 NEWS, MI US",0.9999,COOP:201178,METERS,-85.40865
205.4,2004-08-01,2008-04-01,42.32,"CANTON, MI US",1,COOP:201225,METERS,-83.4561
248.4,2001-10-01,2010-12-01,43.048,"CAPAC 2 N, MI US",0.8648,COOP:201238,METERS,-82.9238
191.1,2008-03-01,2015-11-01,42.0636,"CARLETON 2 W, MI US",0.9999,COOP:201250,METERS,-83.4358
210.3,1931-01-01,2015-11-01,43.4838,"CARO WWTP, MI US",0.9441,COOP:201299,METERS,-83.3919
181.4,2003-12-01,2012-12-01,43.9416,"CASEVILLE, MI US",0.9996,COOP:201343,METERS,-83.2669
212.8,1978-05-01,2015-11-01,43.5861,"CASS CITY 1 SSW, MI US",0.949,COOP:201361,METERS,-83.1805
473.7,2005-07-01,2015-11-01,46.49909,"CLARKSBURG, MI US",0.9999,COOP:201435,METERS,-87.84506
487.4,1949-12-01,2010-05-01,46.5193,"CHAMPION VAN RIPER P, MI US",0.9697,COOP:201439,METERS,-87.9859
180.7,1931-01-01,2015-11-01,45.3172,"CHARLEVOIX, MI US",0.9716,COOP:201468,METERS,-85.2672
274.9,1931-01-01,2015-11-01,42.5503,"CHARLOTTE, MI US",0.9686,COOP:201476,METERS,-84.8258
265.2,1987-08-01,2015-11-01,46.3414,"CHATHAM EXPERIMENT FARM 2, MI US",0.997,COOP:201486,METERS,-86.9242
179.2,1931-01-01,2015-11-01,45.6527,"CHEBOYGAN, MI US",0.9794,COOP:201492,METERS,-84.4725
274.3,1978-05-01,2015-11-01,42.3263,"CHELSEA, MI US",0.9911,COOP:201502,METERS,-84.0133
189,1948-05-01,2015-11-01,43.1936,"CHESANING, MI US",0.1776,COOP:201522,METERS,-84.1113
214.9,2005-08-01,2006-10-01,43.1794,"CLIO, MI US",0.7326,COOP:201645,METERS,-83.7369
299.9,1931-01-01,2015-11-01,41.9622,"COLDWATER ST SCHOOL, MI US",0.9745,COOP:201675,METERS,-84.9925
289.6,1940-07-01,2014-01-01,41.9397,"COLDWATER WASTEWATER PLANT, MI US",0.0305,COOP:201680,METERS,-85.0183
225.6,2008-10-01,2015-11-01,45.9248,"COOKS 2 NE, MI US",0.9421,COOP:201768,METERS,-86.4435
190.5,1948-07-01,2015-11-01,47.4679,"COPPER HARBOR FORT WILKINS, MI US",0.5068,COOP:201780,METERS,-87.8671
242,1991-07-01,2014-12-01,45.8269,"CORNELL 5 SE, MI US",0.975,COOP:201802,METERS,-87.1589
232.3,2001-01-01,2015-11-01,42.9986,"CORUNNA 2 NE, MI US",1,COOP:201818,METERS,-84.0744
219.8,1953-09-01,2015-11-01,45.6413,"CROSS VILLAGE 1 E, MI US",0.9826,COOP:201896,METERS,-85.0141
234.7,2005-10-01,2012-12-01,45.468,"DAGGETT 4 W, MI US",0.7354,COOP:201940,METERS,-87.6836
184.4,1952-08-01,2015-11-01,42.3195,"DEARBORN, MI US",0.9843,COOP:202015,METERS,-83.2377
184.4,2005-07-01,2015-11-01,42.3469,"DEARBORN NUMBER 2, MI US",0.9759,COOP:202016,METERS,-83.1736
181.4,1938-12-01,2015-11-01,45.9983,"DETOUR VILLAGE, MI US",0.9523,COOP:202094,METERS,-83.9013
192.3,1959-01-01,2015-11-01,42.2313,"DETROIT METRO AIRPORT, MI US",1,COOP:202103,METERS,-83.3308
266.7,1978-05-01,2004-07-01,42.6444,"DIMONDALE 1 WSW, MI US",0.9713,COOP:202140,METERS,-84.6503
225.6,1953-06-01,2015-11-01,41.9856,"DOWAGIAC 1 W, MI US",0.9893,COOP:202250,METERS,-86.132
313.9,1997-11-01,2002-03-01,42.95833,"DRYDEN 5 W, MI US",0.7742,COOP:202270,METERS,-83.22167
201.2,2001-03-01,2015-11-01,41.9552,"DUNDEE, MI US",0.9999,COOP:202308,METERS,-83.6488
234.7,2003-03-01,2015-11-01,42.9269,"DURAND WWTP, MI US",0.9998,COOP:202328,METERS,-83.9894
238,2006-09-01,2007-12-01,42.81611,"EAGLE 4 E, MI US",0.9375,COOP:202331,METERS,-84.7125
349.6,1998-07-01,2003-01-01,44.36694,"EAST HOUGHTON LAKE, MI US",0.7628,COOP:202376,METERS,-84.68917
178.3,1931-01-01,2015-11-01,45.1519,"EAST JORDAN, MI US",0.9804,COOP:202381,METERS,-85.1322
268.2,1957-04-01,2011-12-01,42.67417,"EAST LANSING 4 S, MI US",0.9748,COOP:202395,METERS,-84.485
178.6,1931-01-01,2015-11-01,44.2838,"EAST TAWAS, MI US",0.948,COOP:202423,METERS,-83.5036
182.9,2006-11-01,2012-12-01,42.4588,"EASTPOINTE, MI US",0.9997,COOP:202427,METERS,-82.9438
265.2,1941-02-01,2015-11-01,42.5175,"EATON RAPIDS, MI US",0.8943,COOP:202437,METERS,-84.653
256,1931-01-01,2015-11-01,42.0153,"EAU CLAIRE 4 NE, MI US",0.9706,COOP:202445,METERS,-86.243
214,2008-06-01,2010-12-01,45.18056,"ELLSWORTH 2 ENE, MI US",0.9995,COOP:202503,METERS,-85.19917
208.8,2009-11-01,2015-11-01,46.128,"ENGADINE MDOT, MI US",1,COOP:202598,METERS,-85.5696
180.1,1948-01-01,2014-01-01,45.7438,"ESCANABA, MI US",0.8713,COOP:202626,METERS,-87.0406
179.2,1978-11-01,2012-12-01,43.6155,"ESSEXVILLE, MI US",0.9609,COOP:202631,METERS,-83.845
219.5,2002-02-01,2015-11-01,42.4669,"FARMINGTON, MI US",0.9943,COOP:202691,METERS,-83.3625
216.4,2006-10-01,2010-12-01,42.5939,"FENNVILLE 3 W, MI US",0.9604,COOP:202751,METERS,-86.1558
338.9,1989-01-01,2011-12-01,44.565,"FIFE LAKE 3 WSW, MI US",0.9909,COOP:202788,METERS,-85.4133
193.5,1997-09-01,2015-11-01,43.9158,"FILION 5 NNW, MI US",0.9408,COOP:202804,METERS,-83.083
234.7,1931-01-01,2015-11-01,42.9666,"FLINT FCWOS, MI US",0.9882,COOP:202846,METERS,-83.7494
207,1948-01-01,2015-11-01,43.0377,"FLINT 7 W, MI US",0.5546,COOP:202851,METERS,-83.7694
437.7,2007-05-01,2007-06-01,46.095,"FORTUNE LAKE, MI US",0.998,COOP:202882,METERS,-88.42556
193.5,2006-11-01,2015-11-01,43.3194,"FRANKENMUTH 1 SE, MI US",1,COOP:202955,METERS,-83.7161
289,1931-01-01,2015-11-01,44.648,"FRANKFORT 2 NE, MI US",0.8145,COOP:202984,METERS,-86.21
243.8,2007-11-01,2015-11-01,43.4458,"FREMONT 4 WSW, MI US",1,COOP:203025,METERS,-86.0265
178.9,2008-11-01,2015-11-01,45.8983,"GARDEN CORNERS, MI US",1,COOP:203078,METERS,-86.5485
401.7,1938-12-01,2015-11-01,45.0332,"GAYLORD, MI US",0.9719,COOP:203096,METERS,-84.7113
447.4,1998-08-01,2015-11-01,44.9072,"GAYLORD 9 SSW, MI US",1,COOP:203099,METERS,-84.7188
236.2,1931-01-01,2015-11-01,43.9758,"GLADWIN, MI US",0.9637,COOP:203170,METERS,-84.4908
272.5,2006-06-01,2015-11-01,44.5358,"GLENNIE 2 SE, MI US",1,COOP:203188,METERS,-83.7022
295.4,2004-08-01,2006-06-01,44.5519,"GLENNIE 6 W, MI US",0.5,COOP:203194,METERS,-83.8625
245.4,1948-07-01,2004-08-01,44.56167,"GLENNIE ALCONA DAM, MI US",0.0372,COOP:203199,METERS,-83.80306
225.9,2008-05-01,2015-11-01,45.8806,"GLADSTONE 4 NW, MI US",0.923,COOP:203268,METERS,-87.0911
218.5,2010-01-01,2015-11-01,45.8433,"GLADSTONE NUMBER 2, MI US",1,COOP:203270,METERS,-87.0391
277.4,2004-09-01,2015-11-01,42.9163,"GOODRICH, MI US",1,COOP:203278,METERS,-83.5097
184.4,1948-07-01,2015-11-01,43.0608,"GRAND HAVEN WASTEWATER PLANT, MI US",0.1496,COOP:203295,METERS,-86.2047
243.8,1941-02-01,2015-11-01,42.7631,"GRAND LEDGE 1 NW, MI US",0.8876,COOP:203306,METERS,-84.7622
190.2,1931-01-01,2006-10-01,46.66667,"GRAND MARAIS, MI US",0.9857,COOP:203319,METERS,-85.95
244.8,1963-11-01,2015-11-01,42.8825,"GRAND RAPIDS GERALD R FORD INTERNATIONAL AIRPORT, MI US",1,COOP:203333,METERS,-85.52389
346.6,1931-01-01,2015-11-01,44.6546,"GRAYLING, MI US",0.9863,COOP:203391,METERS,-84.6998
370.9,2004-01-01,2004-04-01,44.6855,"GRAYLING 5 ENE, MI US",1,COOP:203395,METERS,-84.6097
205.7,2010-06-01,2015-11-01,46.4533,"GREEN GARDEN NUMBER 2, MI US",0.9848,COOP:203413,METERS,-87.3038
241.1,2009-08-01,2015-11-01,46.8736,"GREENLAND 6 N, MI US",0.9738,COOP:203421,METERS,-89.1006
268.8,1931-01-01,2015-11-01,43.2025,"GREENVILLE 2 NNE, MI US",0.9853,COOP:203429,METERS,-85.2422
186.8,1951-01-01,2015-11-01,42.4077,"GROSSE POINTE FARMS, MI US",0.9821,COOP:203477,METERS,-82.8891
281.9,1931-01-01,2015-11-01,42.3941,"GULL LAKE BIOLOGICAL STATION, MI US",0.9411,COOP:203504,METERS,-85.385
337.1,1949-07-01,2014-01-01,46.2863,"GWINN 1 W, MI US",0.0507,COOP:203516,METERS,-87.4511
359.1,2008-07-01,2015-11-01,46.2643,"GWINN SHAG LAKE, MI US",0.9775,COOP:203518,METERS,-87.5149
256.6,2002-02-01,2009-09-01,44.3127,"HALE 5 SSW, MI US",0.8373,COOP:203527,METERS,-83.8272
221.9,1931-01-01,2015-11-01,44.4633,"HALE LOUD DAM, MI US",0.9775,COOP:203529,METERS,-83.7216
181.4,1931-01-01,2015-11-01,43.8322,"HARBOR BEACH 1 SSE, MI US",0.9618,COOP:203585,METERS,-82.6427
178.3,1971-10-01,2015-11-01,44.6819,"HARRISVILLE 2 NNE, MI US",0.6868,COOP:203628,METERS,-83.2808
234.7,1931-01-01,2015-11-01,43.6747,"HART, MI US",0.9588,COOP:203632,METERS,-86.4238
195.1,2002-05-01,2015-11-01,46.4907,"HARVEY, MI US",0.9876,COOP:203639,METERS,-87.3544
250.2,1931-01-01,2015-11-01,42.64208,"HASTINGS, MI US",0.9833,COOP:203661,METERS,-85.28819
271.3,1996-08-01,2015-11-01,42.4344,"HELL, MI US",0.8708,COOP:203712,METERS,-83.9858
523.3,1968-02-01,2015-11-01,46.6653,"HERMAN, MI US",0.9861,COOP:203744,METERS,-88.3772
237.7,1938-12-01,2013-12-01,43.5908,"HESPERIA 4 WNW, MI US",0.9445,COOP:203769,METERS,-86.1056
329.2,1931-01-01,2015-11-01,41.9352,"HILLSDALE, MI US",0.9549,COOP:203823,METERS,-84.6411
188.1,1931-01-01,2015-11-01,42.7988,"HOLLAND, MI US",0.9677,COOP:203858,METERS,-86.205
333.8,1952-08-01,2010-01-01,47.16861,"HANCOCK HOUGHTON CO AIRPORT, MI US",0.9985,COOP:203908,METERS,-88.48889
199.6,2003-01-01,2010-07-01,43.73,"HOPE 3 SW, MI US",0.7695,COOP:203913,METERS,-84.3702
259.1,1993-11-01,2003-08-01,47.11667,"HOUGHTON MTU, MI US",0.9663,COOP:203917,METERS,-88.55
353.9,2000-05-01,2012-12-01,44.3122,"HOUGHTON LAKE 2 NW, MI US",0.9997,COOP:203930,METERS,-84.7747
345.9,1931-01-01,2015-11-01,44.3119,"HOUGHTON LAKE 6 WSW, MI US",0.9775,COOP:203932,METERS,-84.8922
350.8,1964-06-01,2015-11-01,44.3591,"HOUGHTON LAKE ROSCOMMON CO AIRPORT, MI US",1,COOP:203936,METERS,-84.6738
279.5,1938-12-01,2015-11-01,42.59382,"HOWELL WWTP, MI US",0.9405,COOP:203947,METERS,-83.93251
266.7,1978-05-01,2012-12-01,41.8483,"HUDSON 3 E, MI US",0.9181,COOP:203969,METERS,-84.2938
245.4,1939-08-01,2013-12-01,42.953,"IONIA 2 SSW, MI US",0.9305,COOP:204078,METERS,-85.0777
326.4,1931-01-01,2015-11-01,45.7858,"IRON MTN KINGSFORD WWTP, MI US",0.9843,COOP:204090,METERS,-88.0841
435.9,1931-01-01,2015-11-01,46.4656,"IRONWOOD, MI US",0.9833,COOP:204104,METERS,-90.1892
428.5,2007-04-01,2015-11-01,46.4911,"ISHPEMING WWTP, MI US",0.9998,COOP:204130,METERS,-87.6894
304.2,1931-01-01,2015-11-01,42.2667,"JACKSON REYNOLDS FIELD, MI US",0.9863,COOP:204150,METERS,-84.4667
288,1948-07-01,2014-01-01,42.2884,"JACKSON 3 N, MI US",0.0336,COOP:204155,METERS,-84.4236
198.1,2009-05-01,2015-11-01,47.0083,"JACOBSVILLE, MI US",0.9998,COOP:204161,METERS,-88.4318
315.5,1938-12-01,2015-11-01,44.728,"KALKASKA, MI US",0.9827,COOP:204257,METERS,-85.1727
330.1,2006-06-01,2015-11-01,44.5897,"KALKASKA 11 SE, MI US",1,COOP:204258,METERS,-85.0486
256,1931-01-01,2015-11-01,43.1994,"KENT CITY 2 SW, MI US",0.9647,COOP:204320,METERS,-85.7717
355.7,1940-11-01,2014-01-01,46.4863,"KENTON, MI US",0.9476,COOP:204328,METERS,-88.8916
330.7,2003-07-01,2010-12-01,44.5694,"KINGSLEY 2 WSW, MI US",0.9994,COOP:204399,METERS,-85.5722
215.8,2002-06-01,2005-06-01,46.3075,"KINROSS 2 N, MI US",1,COOP:204419,METERS,-84.50861
374.9,1931-01-01,2015-11-01,44.3088,"LAKE CITY EXPERIMENTAL FARM, MI US",0.9932,COOP:204502,METERS,-85.205
261.8,1948-01-01,2015-11-01,42.7761,"LANSING CAPITAL CITY AIRPORT, MI US",0.9165,COOP:204641,METERS,-84.5997
249.9,1948-08-01,2015-11-01,43.0608,"LAPEER WWTP, MI US",0.9518,COOP:204655,METERS,-83.3074
255.1,2006-11-01,2015-11-01,43.058,"LAPEER 2 W, MI US",1,COOP:204659,METERS,-83.3605
271.3,1997-11-01,2002-11-01,43.00806,"LAPEER 4 SW, MI US",0.984,COOP:204662,METERS,-83.375
367.9,2008-05-01,2012-12-01,47.2376,"LAURIUM, MI US",0.9991,COOP:204668,METERS,-88.4418
263,2002-01-01,2015-11-01,42.8133,"LINDEN WWTP, MI US",0.8684,COOP:204793,METERS,-83.8038
268.2,2002-05-01,2005-10-01,43.7533,"LINWOOOD 7 W, MI US",0.8561,COOP:204797,METERS,-84.0936
189.6,2001-12-01,2015-11-01,43.263,"LEXINGTON WATER PLANT, MI US",1,COOP:204808,METERS,-82.5327
231.6,1978-05-01,2009-06-01,42.925,"LOWELL 2 SE, MI US",0.6684,COOP:204939,METERS,-85.3427
195.1,1931-01-01,2015-11-01,42.9291,"LOWELL, MI US",0.9519,COOP:204944,METERS,-85.3402
210.3,1931-01-01,2012-12-01,43.9066,"LUDINGTON, MI US",0.9664,COOP:204954,METERS,-86.3942
195.1,1948-07-01,2011-04-01,43.96361,"LUDINGTON AIRPORT, MI US",0.0364,COOP:204959,METERS,-86.41639
276.8,1951-05-01,2015-11-01,44.4199,"LUPTON 1 S, MI US",0.9729,COOP:204967,METERS,-84.0232
294.1,2001-12-01,2015-11-01,42.1508,"MANCHESTER, MI US",0.9763,COOP:205050,METERS,-84.0236
204.2,1931-01-01,2015-11-01,44.2113,"MANISTEE 3 SE, MI US",0.9588,COOP:205065,METERS,-86.2938
182.9,1937-05-01,2015-11-01,45.9512,"MANISTIQUE WWTP, MI US",0.9501,COOP:205073,METERS,-86.2513
243.5,1959-04-01,2015-11-01,44.855,"MAPLE CITY, MI US",0.997,COOP:205097,METERS,-85.8352
249.9,2002-03-01,2015-11-01,43.3308,"MARLETTE, MI US",0.8423,COOP:205168,METERS,-83.0663
186.8,1948-05-01,2015-11-01,46.5458,"MARQUETTE, MI US",0.9655,COOP:205178,METERS,-87.3795
431.3,1959-10-01,2015-11-01,46.5313,"MARQUETTE WEATHER SERVICE OFFICE AIRPORT, MI US",0.9614,COOP:205184,METERS,-87.5491
276.5,2006-11-01,2010-06-01,44.6447,"MCKINLEY, MI US",0.728,COOP:205258,METERS,-83.9375
251.5,2009-06-01,2010-06-01,46.3023,"MCMILLAN 2 S, MI US",0.9247,COOP:205276,METERS,-85.6888
180.1,2009-06-01,2015-11-01,45.111,"MENOMINEE NUMBER 2, MI US",0.9872,COOP:205382,METERS,-87.6117
203.6,2006-01-01,2015-11-01,43.4155,"MERRILL 1 N, MI US",0.7145,COOP:205390,METERS,-83.2894
521.2,2008-05-01,2015-11-01,46.5453,"MICHIGAMME 3 WNW, MI US",0.9999,COOP:205406,METERS,-88.18
195.1,1970-10-01,2015-11-01,43.6088,"MIDLAND, MI US",0.9926,COOP:205434,METERS,-84.2011
204.2,1984-08-01,2006-11-01,42.06639,"MILAN 4 ESE, MI US",0.9851,COOP:205450,METERS,-83.61861
207.3,2003-12-01,2015-11-01,42.0811,"MILAN WWTP, MI US",0.9861,COOP:205451,METERS,-83.6769
295.7,1931-01-01,2015-11-01,42.5794,"MILFORD GM PROVING GROUND, MI US",0.9539,COOP:205452,METERS,-83.6844
249.9,1940-06-01,2015-11-01,43.2836,"MILLINGTON 3 SE, MI US",0.9746,COOP:205488,METERS,-83.4791
292.6,1931-01-01,2006-12-01,44.6613,"MIO HYDRO PLANT, MI US",0.9792,COOP:205531,METERS,-84.1316
316.1,2006-12-01,2015-11-01,44.6466,"MIO WWTP, MI US",1,COOP:205533,METERS,-84.1158
179.8,1931-01-01,2004-02-01,41.91389,"MONROE, MI US",0.9625,COOP:205558,METERS,-83.39417
178.6,2003-03-01,2015-11-01,41.9069,"MONROE, MI US",0.8495,COOP:205563,METERS,-83.4158
198.1,1950-05-01,2015-11-01,43.4614,"MONTAGUE 4 NW, MI US",0.9695,COOP:205567,METERS,-86.4175
211.8,2003-04-01,2015-11-01,45.9902,"MORAN, MI US",0.9999,COOP:205591,METERS,-84.8361
234.7,1978-05-01,2015-11-01,41.7216,"MORENCI, MI US",0.9889,COOP:205603,METERS,-84.2147
176.8,1931-01-01,2015-11-01,42.6083,"MOUNT CLEMENS SELFRIDGE FIELD, MI US",0.9559,COOP:205650,METERS,-82.8183
242.3,1931-01-01,2015-11-01,43.5859,"CENTRAL MICHIGAN UNIVERSITY, MI US",0.8891,COOP:205662,METERS,-84.7694
207.3,1911-05-01,2015-11-01,46.4121,"MUNISING, MI US",0.949,COOP:205690,METERS,-86.6625
190.5,1948-01-01,2015-11-01,43.17111,"MUSKEGON CO AIRPORT, MI US",0.9804,COOP:205712,METERS,-86.23667
173.7,1996-11-01,2015-11-01,42.6502,"NEW BALTIMORE 5 SW, MI US",0.9347,COOP:205807,METERS,-82.8044
219.5,2007-10-01,2011-10-01,46.3724,"NEWBERRY 1 N, MI US",0.9992,COOP:205810,METERS,-85.5089
270.1,1931-01-01,2015-11-01,46.3287,"NEWBERRY CORRECTIONAL FACILITY, MI US",0.9107,COOP:205816,METERS,-85.5033
176.2,2004-09-01,2015-11-01,41.9497,"NEWPORT 4 SSE, MI US",0.978,COOP:205822,METERS,-83.28
198.1,1943-04-01,2015-11-01,41.8405,"NILES, MI US",0.9885,COOP:205892,METERS,-86.2658
227.4,1987-06-01,2015-11-01,45.1322,"NORTHPORT 2 W, MI US",0.9941,COOP:206007,METERS,-85.6472
249.9,1998-02-01,2015-11-01,44.883,"NW MICHIGAN RES FARM, MI US",1,COOP:206012,METERS,-85.6752
192,2007-04-01,2013-12-01,43.0975,"NUNICA 4 W, MI US",0.8513,COOP:206060,METERS,-86.0894
207.3,2005-05-01,2015-11-01,43.5816,"OIL CITY 2 S, MI US",0.6298,COOP:206080,METERS,-84.5888
199.9,1979-05-01,2015-11-01,44.9215,"OLD MISSION 3 SSW, MI US",0.9772,COOP:206158,METERS,-85.5161
227.1,1931-01-01,2015-11-01,45.4108,"ONAWAY 4 N, MI US",0.9735,COOP:206184,METERS,-84.2233
310.9,2010-08-01,2012-12-01,42.04,"ONSTED 2 NW, MI US",0.9985,COOP:206203,METERS,-84.2225
204.5,1948-09-01,2014-01-01,46.8559,"ONTONAGON, MI US",0.0402,COOP:206215,METERS,-89.3124
240.8,1977-10-01,2014-12-01,46.8343,"ONTONAGON 6 SE, MI US",0.9888,COOP:206220,METERS,-89.2074
186.8,2007-07-01,2011-12-01,46.8374,"ONTONAGON 8 WSW, MI US",0.9992,COOP:206228,METERS,-89.4833
259.1,2004-09-01,2004-11-01,43.13611,"OTISVILLE 2 SE, MI US",1,COOP:206279,METERS,-83.47833
222.5,1931-01-01,2015-11-01,43.0161,"OWOSSO WWTP, MI US",0.9588,COOP:206300,METERS,-84.18
317,1978-11-01,2009-07-01,42.8094,"OXFORD, MI US",0.8808,COOP:206303,METERS,-83.2569
214.9,1942-01-01,2015-11-01,45.5644,"PELLSTON REGIONAL AIRPORT, MI US",0.9944,COOP:206438,METERS,-84.7927
217,2002-01-01,2012-12-01,45.5719,"PELLSTON AIRPORT NUMBER 2, MI US",0.9924,COOP:206442,METERS,-84.7858
182.6,1931-01-01,2015-11-01,45.3725,"PETOSKEY, MI US",0.8626,COOP:206507,METERS,-84.9766
228,2007-11-01,2015-11-01,45.3613,"PETOSKEY NCMC, MI US",1,COOP:206510,METERS,-84.9512
191.7,2005-09-01,2015-11-01,46.1863,"PICKFORD 3 NE, MI US",1,COOP:206583,METERS,-84.3238
178.9,2001-11-01,2012-12-01,43.85667,"PINCONNING WWTP, MI US",0.985,COOP:206587,METERS,-83.95611
271.3,1931-01-01,2015-11-01,42.6388,"PONTIAC WWTP, MI US",0.9352,COOP:206658,METERS,-83.2555
184.4,2001-08-01,2015-11-01,44.0469,"PORT AUSTIN WWTP, MI US",0.9942,COOP:206662,METERS,-82.9702
182.9,1997-09-01,2015-11-01,43.9483,"PORT HOPE, MI US",1,COOP:206663,METERS,-82.7141
179.8,1931-01-01,2015-11-01,42.975,"PORT HURON, MI US",0.9618,COOP:206680,METERS,-82.4194
199.6,2004-09-01,2005-07-01,43.4855,"POSEYVILLE 4 SW, MI US",0.9113,COOP:206720,METERS,-84.2922
182.3,2008-08-01,2015-02-01,45.8727,"RAPID RIVER 4 SSE, MI US",0.9753,COOP:206840,METERS,-86.9496
233.2,2001-04-01,2015-11-01,42.8783,"RICHMOND 4 NNW, MI US",0.9489,COOP:206982,METERS,-82.7958
187.5,1979-01-01,2009-06-01,45.4169,"ROGERS CITY, MI US",0.9892,COOP:207094,METERS,-83.8158
185,2009-07-01,2015-11-01,45.46477,"ROGERS CITY HOEFT SP, MI US",0.9999,COOP:207096,METERS,-83.88252
213.4,2000-12-01,2007-08-01,42.7794,"ROMEO, MI US",0.9755,COOP:207103,METERS,-82.9391
202.7,2007-03-01,2007-06-01,42.205,"ROMULUS, MI US",0.998,COOP:207110,METERS,-83.40667
213.7,1998-03-01,2008-05-01,43.0341,"RUBY, MI US",0.9834,COOP:207180,METERS,-82.608
229.5,1978-08-01,2009-10-01,46.2963,"RUDYARD 4 N, MI US",0.9359,COOP:207190,METERS,-84.5761
195.1,1997-08-01,2006-09-01,43.4099,"SAGINAW 9 W, MI US",0.9909,COOP:207220,METERS,-84.1316
182.9,1938-02-01,2015-11-01,43.4122,"SAGINAW NUMBER 3, MI US",0.6071,COOP:207222,METERS,-83.9561
179.8,2008-09-01,2015-11-01,43.4172,"SAGINAW 5 W, MI US",0.9889,COOP:207225,METERS,-84.0641
181.4,1973-12-01,2009-09-01,45.8488,"ST IGNACE MACKINAC B, MI US",0.9814,COOP:207274,METERS,-84.7227
201.5,2009-11-01,2015-11-01,45.8608,"ST. IGNACE, MI US",1,COOP:207275,METERS,-84.7196
204.8,1952-10-01,2015-11-01,45.6911,"ST JAMES 4 SSW BEAVER ISLAND, MI US",0.9499,COOP:207277,METERS,-85.5463
226.5,1938-11-01,2015-11-01,43.0113,"SAINT JOHNS, MI US",0.9513,COOP:207280,METERS,-84.5541
228.6,2003-01-01,2015-11-01,42.1611,"SALINE WWTP, MI US",0.9098,COOP:207308,METERS,-83.7819
256,2002-03-01,2015-11-01,42.1236,"SALINE 4 SW, MI US",0.7696,COOP:207312,METERS,-83.8199
198.7,2004-12-01,2012-12-01,41.8069,"SAMARIA, MI US",0.8555,COOP:207320,METERS,-83.583
199,2005-12-01,2006-09-01,46.9828,"SANDSTONE, MI US",1,COOP:207344,METERS,-88.4158
235.9,1931-01-01,2015-11-01,43.4194,"SANDUSKY, MI US",0.8263,COOP:207350,METERS,-82.8191
192,1998-05-01,2015-11-01,46.4866,"SAULT STE MARIE, MI US",0.9999,COOP:207364,METERS,-84.4089
220.1,1948-07-01,2015-11-01,46.4794,"SAULT STE MARIE SANDERSON FIELD, MI US",0.9901,COOP:207366,METERS,-84.3572
203,2009-08-01,2015-11-01,43.9331,"SCOTTVILLE 2 SE, MI US",1,COOP:207407,METERS,-86.2453
178,1941-02-01,2012-12-01,43.73194,"SEBEWAING, MI US",0.9073,COOP:207419,METERS,-83.45917
222.5,2002-05-01,2009-07-01,42.6844,"SHELBY 1 SSW, MI US",0.9996,COOP:207521,METERS,-83.0808
262.1,2005-07-01,2005-09-01,46.37389,"SKANDIA 1 W, MI US",0.9925,COOP:207574,METERS,-87.25889
192,2008-09-01,2013-12-01,46.879,"SKANEE, MI US",1,COOP:207580,METERS,-88.2184
318.8,2003-01-01,2015-11-01,44.6391,"SOUTH BOARDMAN 2 W, MI US",0.9808,COOP:207684,METERS,-85.325
179.8,1931-01-01,2015-11-01,42.4014,"SOUTH HAVEN, MI US",0.9559,COOP:207690,METERS,-86.2826
262.1,1953-08-01,2006-05-01,45.7019,"SPALDING 1 NW, MI US",0.9984,COOP:207742,METERS,-87.5255
442,1931-01-01,2015-11-01,46.0555,"STAMBAUGH 2 SSE, MI US",0.9824,COOP:207812,METERS,-88.6275
187.5,1938-02-01,2015-11-01,44.0126,"STANDISH 4 NE, MI US",0.9144,COOP:207820,METERS,-83.8977
283.5,1956-06-01,2014-01-01,43.2908,"STANTON, MI US",0.0349,COOP:207828,METERS,-85.0922
210.3,1938-12-01,2008-10-01,45.39028,"STEPHENSON 8 WNW, MI US",0.9571,COOP:207867,METERS,-87.7025
179.8,2009-11-01,2015-11-01,42.0017,"STEVENSVILLE 1 SE, MI US",0.9456,COOP:207891,METERS,-86.5222
227.1,1968-09-01,2015-11-01,46.6013,"TAHQUAMENON FALLS STATE PARK, MI US",0.9789,COOP:208043,METERS,-85.2238
237.7,1996-08-01,2015-11-01,42.0027,"TECUMSEH, MI US",0.8966,COOP:208080,METERS,-83.9336
246.9,1931-01-01,2015-11-01,41.9299,"THREE RIVERS, MI US",0.9863,COOP:208184,METERS,-85.6385
295.7,2001-07-01,2015-11-01,42.0283,"TIPTON 2 WNW, MI US",0.9999,COOP:208202,METERS,-84.1108
184.1,1958-04-01,2014-01-01,44.7686,"TRAVERSE CITY, MI US",0.0345,COOP:208246,METERS,-85.5763
193.5,2001-11-01,2015-11-01,44.7607,"TRAVERSE CITY MUNSON, MI US",1,COOP:208249,METERS,-85.6443
250.9,1948-07-01,2014-01-01,46.1796,"TROUT LAKE 1 SW, MI US",0.4987,COOP:208293,METERS,-85.0311
367.6,2008-08-01,2012-12-01,46.88306,"TWIN LAKES, MI US",0.9995,COOP:208345,METERS,-88.86083
275.8,1931-01-01,2015-11-01,45.1702,"VANDERBILT 11 ENE, MI US",0.9755,COOP:208417,METERS,-84.4397
192,1977-07-01,2015-11-01,43.3656,"VASSAR, MI US",0.9998,COOP:208443,METERS,-83.5828
258.2,2008-07-01,2013-12-01,42.1147,"VICKSBURG 1 NE, MI US",0.8329,COOP:208490,METERS,-85.4856
487.7,1948-07-01,2008-04-01,46.47917,"WAKEFIELD, MI US",0.0389,COOP:208559,METERS,-89.93222
228.6,2010-01-01,2012-12-01,42.7256,"WASHINGTON TOWNSHIP, MI US",0.9165,COOP:208653,METERS,-83.0394
484.6,1938-11-01,2014-01-01,46.2778,"WATERSMEET, MI US",0.8116,COOP:208680,METERS,-89.1742
515.1,2010-01-01,2015-11-01,46.2231,"WATERSMEET 12 WSW, MI US",0.9723,COOP:208682,METERS,-89.4085
424.9,2005-07-01,2015-11-01,46.52664,"WATTON 2 WSW, MI US",0.9999,COOP:208706,METERS,-88.64243
198.1,1931-01-01,2015-11-01,44.2586,"WELLSTON TIPPY DAM, MI US",0.9892,COOP:208772,METERS,-85.9394
235.6,1999-05-01,2015-11-01,44.2294,"WELLSTON 1 N, MI US",0.7034,COOP:208774,METERS,-85.9572
271.3,2004-01-01,2015-11-01,42.5413,"WEST BLOOMFIELD, MI US",0.9722,COOP:208779,METERS,-83.343
269.7,1931-01-01,2015-11-01,44.2541,"WEST BRANCH 3 SE, MI US",0.9863,COOP:208800,METERS,-84.2011
207.9,1996-11-01,2003-12-01,43.48056,"WHEELER 7 NE, MI US",1,COOP:208869,METERS,-84.38861
263.7,1988-09-01,2011-12-01,43.5491,"WHITE CLOUD 9 E, MI US",0.8036,COOP:208890,METERS,-85.5841
189.6,1931-01-01,2015-11-01,46.7475,"WHITEFISH POINT, MI US",0.8185,COOP:208920,METERS,-84.9857
321,2000-04-01,2015-11-01,42.698,"WHITE LAKE 4 E, MI US",1,COOP:208941,METERS,-83.4716
276.1,2007-09-01,2015-11-01,42.4355,"WHITMORE LAKE 1 NW, MI US",1,COOP:208972,METERS,-83.783
272.8,1931-03-01,2010-12-01,42.7103,"WILLIAMSTON, MI US",0.762,COOP:209006,METERS,-84.2503
176.8,2004-08-01,2015-11-01,42.2011,"WYANDOTTE, MI US",1,COOP:209110,METERS,-83.1686
249.9,1931-01-01,2015-11-01,43.1447,"YALE 1 NNW, MI US",0.9588,COOP:209188,METERS,-82.8011
240.5,1948-01-01,2014-01-01,42.24694,"YPSILANTI E MICH U, MI US",0.6644,COOP:209218,METERS,-83.62555
201.8,2009-12-01,2016-11-25,44.5697,"MIKADO 2.3 SE, MI US",0.9991,GHCND:US1MIAC0001,METERS,-83.3859
274.3,2008-07-01,2013-05-22,46.345,"CHATHAM 0.2 SSE, MI US",0.7626,GHCND:US1MIAG0001,METERS,-86.9274
225.2,2008-07-01,2019-10-05,42.6732,"WAYLAND 2.0 W, MI US",0.9676,GHCND:US1MIAN0001,METERS,-85.6801
226.8,2008-07-01,2010-05-20,42.7,"HOLLAND 5.4 SSW, MI US",0.7392,GHCND:US1MIAN0003,METERS,-86.1453
204.2,2008-07-01,2019-10-04,42.5942,"FENNVILLE 0.8 W, MI US",0.9999,GHCND:US1MIAN0004,METERS,-86.1201
216.1,2008-08-01,2012-02-24,42.445,"PLAINWELL 1.3 W, MI US",0.3025,GHCND:US1MIAN0006,METERS,-85.6702
213.1,2009-03-01,2018-12-14,42.7277,"DORR 0.9 WNW, MI US",0.2705,GHCND:US1MIAN0008,METERS,-85.7391
178.9,2008-10-01,2019-10-04,45.0516,"ALPENA 1.6 SSW, MI US",1,GHCND:US1MIAP0001,METERS,-83.4488
186.2,2009-03-01,2017-06-08,44.8925,"ELK RAPIDS 0.5 ESE, MI US",0.443,GHCND:US1MIAT0001,METERS,-85.3946
245.7,2008-09-01,2010-12-01,46.8754,"AURA 1.3 ENE, MI US",0.6788,GHCND:US1MIBG0001,METERS,-88.2966
293.5,2008-06-01,2011-03-29,41.8251,"BRONSON 5.9 SE, MI US",1,GHCND:US1MIBH0001,METERS,-85.0968
309.4,2008-07-01,2010-08-30,41.9452,"QUINCY 0.2 ENE, MI US",0.998,GHCND:US1MIBH0003,METERS,-84.8804
309.4,2010-08-01,2018-08-13,41.942,"QUINCY 0.1 SSW, MI US",0.6348,GHCND:US1MIBH0005,METERS,-84.884
184.1,2008-07-01,2017-05-21,41.792,"NEW BUFFALO 0.4 WNW, MI US",0.9337,GHCND:US1MIBN0001,METERS,-86.7519
187.8,2007-07-01,2019-10-04,41.9911,"STEVENSVILLE 1.7 SSE, MI US",0.9997,GHCND:US1MIBN0002,METERS,-86.5086
231.3,2008-06-01,2019-10-05,41.8183,"BUCHANAN 1.4 ESE, MI US",1,GHCND:US1MIBN0003,METERS,-86.3423
219.2,2008-07-01,2019-10-05,41.8371,"NILES 2.7 W, MI US",0.9999,GHCND:US1MIBN0004,METERS,-86.3005
197.8,2008-11-01,2016-11-09,42.1967,"WATERVLIET 0.7 NNE, MI US",0.9779,GHCND:US1MIBN0007,METERS,-86.2534
192.6,1998-06-17,2019-06-17,42.0013,"STEVENSVILLE 0.9 S, MI US",0.0733,GHCND:US1MIBN0008,METERS,-86.5223
238.4,2008-07-01,2015-02-02,42.6532,"MIDDLEVILLE 4.3 SSE, MI US",1,GHCND:US1MIBR0003,METERS,-85.4405
243.2,2008-08-01,2010-05-27,42.6673,"MIDDLEVILLE 4.3 SW, MI US",1,GHCND:US1MIBR0005,METERS,-85.5229
279.2,2008-07-01,2018-12-21,42.4511,"BELLEVUE 3.9 W, MI US",0.9999,GHCND:US1MIBR0006,METERS,-85.0961
243.2,2008-08-01,2015-11-20,42.6707,"HASTINGS 3.2 WNW, MI US",0.6706,GHCND:US1MIBR0007,METERS,-85.3448
278.3,2008-07-01,2019-10-05,42.4507,"PLAINWELL 5.4 E, MI US",0.9999,GHCND:US1MIBR0009,METERS,-85.5379
272.8,2008-12-01,2014-10-03,42.7111,"MIDDLEVILLE 1.2 E, MI US",0.7465,GHCND:US1MIBR0010,METERS,-85.4419
264,2009-09-01,2018-11-09,42.7403,"FREEPORT 1.6 S, MI US",0.4723,GHCND:US1MIBR0012,METERS,-85.3161
277.4,2009-12-01,2019-10-03,42.5918,"HASTINGS 4.3 SSW, MI US",1,GHCND:US1MIBR0013,METERS,-85.3161
178.3,2009-10-01,2019-10-04,43.6595,"BAY CITY 4.8 N, MI US",1,GHCND:US1MIBY0001,METERS,-83.8885
178.3,2009-12-01,2019-04-21,43.6664,"BAY CITY 5.3 N, MI US",0.9212,GHCND:US1MIBY0002,METERS,-83.9061
181.1,2008-07-01,2014-01-18,45.6,"CHEBOYGAN 2.9 S, MI US",0.9843,GHCND:US1MICB0001,METERS,-84.4628
343.8,2009-09-01,2012-06-22,44.6558,"GRAYLING 6.1 E, MI US",1,GHCND:US1MICF0003,METERS,-84.5857
390.1,2009-03-01,2014-09-22,44.8365,"FREDERIC 5.5 NNE, MI US",0.6133,GHCND:US1MICF0005,METERS,-84.7298
255.1,2009-07-01,2012-07-30,43.824,"CLARE 0.3 W, MI US",0.162,GHCND:US1MICL0003,METERS,-84.771
199.9,2008-09-01,2010-10-19,46.3854,"SAULT STE. MARIE 7.1 SSW, MI US",0.885,GHCND:US1MICP0003,METERS,-84.4031
189,2009-10-01,2014-04-18,46.6289,"PARADISE 0.1 N, MI US",0.9824,GHCND:US1MICP0005,METERS,-85.0371
242.3,2008-06-01,2017-01-07,42.0576,"DOWAGIAC 5.3 NNW, MI US",1,GHCND:US1MICS0002,METERS,-86.1399
247.2,2008-07-01,2019-10-03,42.8403,"LAINGSBURG 5.0 SW, MI US",0.9999,GHCND:US1MICT0001,METERS,-84.4197
263,2008-06-01,2019-10-05,42.77,"HASLETT 1.2 N, MI US",0.9575,GHCND:US1MICT0002,METERS,-84.4031
244.1,2008-06-01,2019-10-03,42.8326,"DE WITT 1.2 W, MI US",0.9468,GHCND:US1MICT0003,METERS,-84.5982
244.4,2008-07-01,2011-09-07,42.8284,"EAGLE 3.0 ENE, MI US",0.9488,GHCND:US1MICT0004,METERS,-84.7379
211.2,2008-06-01,2011-08-24,45.1808,"ELLSWORTH 2.4 ENE, MI US",1,GHCND:US1MICX0001,METERS,-85.1994
181.1,2008-07-01,2015-12-21,45.7499,"BEAVER ISLAND 5.9 NNW, MI US",0.9664,GHCND:US1MICX0002,METERS,-85.5103
196.9,2009-03-01,2016-04-06,45.2075,"BOYNE CITY 0.4 S, MI US",0.4822,GHCND:US1MICX0003,METERS,-85.0133
235.3,2009-10-01,2019-10-05,45.2572,"CHARLEVOIX 4.3 SSE, MI US",1,GHCND:US1MICX0004,METERS,-85.2165
347.8,2009-07-01,2010-11-08,45.8203,"IRON MOUNTAIN 0.5 SSW, MI US",0.9989,GHCND:US1MIDC0002,METERS,-88.0652
178.9,2008-06-24,2019-10-05,45.8982,"GARDEN CORNERS 0.8 NW, MI US",0.9999,GHCND:US1MIDL0001,METERS,-86.5485
181.1,2008-09-01,2011-11-09,45.8446,"GLADSTONE 0.5 S, MI US",0.6159,GHCND:US1MIDL0002,METERS,-87.0247
181.7,2009-05-01,2010-09-01,45.741,"ESCANABA 1.4 ESE, MI US",0.6617,GHCND:US1MIDL0003,METERS,-87.0529
230.7,2008-07-01,2010-08-31,45.3717,"PETOSKEY 1.7 ENE, MI US",0.7686,GHCND:US1MIEM0001,METERS,-84.922
228.6,2008-05-31,2009-04-01,45.3617,"PETOSKEY 0.4 SSE, MI US",0.9939,GHCND:US1MIEM0002,METERS,-84.9509
196,2008-10-01,2010-01-19,45.5493,"HARBOR SPRINGS 10.1 NW, MI US",0.7179,GHCND:US1MIEM0003,METERS,-85.1144
267.9,2008-07-01,2019-10-05,42.7224,"LANSING 3.8 WNW, MI US",0.9246,GHCND:US1MIET0001,METERS,-84.6269
262.1,2008-06-01,2012-05-04,42.7369,"GRAND LEDGE 4.5 ESE, MI US",0.7917,GHCND:US1MIET0002,METERS,-84.6618
267.3,2008-08-01,2017-09-30,42.7242,"LANSING 3.9 WNW, MI US",0.9349,GHCND:US1MIET0003,METERS,-84.6279
254.2,2009-05-01,2019-01-13,42.7569,"GRAND LEDGE 0.3 NNE, MI US",0.9997,GHCND:US1MIET0005,METERS,-84.7453
505.4,2008-07-01,2016-08-23,46.2615,"MARENISCO 8.0 SSW, MI US",0.4383,GHCND:US1MIGG0001,METERS,-89.7177
516,2008-08-01,2010-11-22,46.4556,"IRONWOOD 1.0 E, MI US",0.6788,GHCND:US1MIGG0002,METERS,-90.1311
518.5,2009-06-01,2019-10-04,46.2033,"WATERSMEET 5.0 SE, MI US",0.9878,GHCND:US1MIGG0004,METERS,-89.1317
206,2008-07-01,2009-03-02,43.1794,"MONTROSE 0.4 NW, MI US",0.9998,GHCND:US1MIGN0004,METERS,-83.8987
237.1,2008-07-01,2013-09-08,43.0219,"DAVISON 0.7 SSW, MI US",0.365,GHCND:US1MIGN0005,METERS,-83.5246
267.3,2008-09-01,2013-06-03,42.8305,"LINDEN 0.8 NNW, MI US",1,GHCND:US1MIGN0007,METERS,-83.7852
227.7,2009-02-01,2012-10-30,43.1057,"MOUNT MORRIS 3.1 WSW, MI US",0.378,GHCND:US1MIGN0008,METERS,-83.758
233.8,2009-07-01,2014-08-12,42.9613,"BURTON 3.3 SW, MI US",1,GHCND:US1MIGN0009,METERS,-83.6636
234.4,2009-08-01,2010-06-09,43.0085,"BURTON 0.9 NNW, MI US",0.998,GHCND:US1MIGN0010,METERS,-83.6274
223.1,2008-06-01,2019-03-15,43.4069,"BRECKENRIDGE 0.2 ESE, MI US",0.7136,GHCND:US1MIGR0001,METERS,-84.4746
195.4,2009-03-01,2019-10-04,44.7466,"TRAVERSE CITY 4.1 E, MI US",0.7159,GHCND:US1MIGT0001,METERS,-85.5193
273.1,2008-07-01,2014-09-18,44.713,"TRAVERSE CITY 9.4 WSW, MI US",1,GHCND:US1MIGT0002,METERS,-85.7856
278,2008-07-01,2008-12-30,44.6731,"TRAVERSE CITY 5.6 S, MI US",0.9925,GHCND:US1MIGT0003,METERS,-85.6044
261.2,2009-03-01,2013-06-02,44.7109,"TRAVERSE CITY 7.4 WSW, MI US",0.6918,GHCND:US1MIGT0004,METERS,-85.7412
288,2009-06-01,2013-11-17,44.7339,"TRAVERSE CITY 4.0 WSW, MI US",0.9442,GHCND:US1MIGT0006,METERS,-85.6789
210.3,2010-04-01,2017-05-06,44.7456,"TRAVERSE CITY 4.2 E, MI US",0.7609,GHCND:US1MIGT0009,METERS,-85.5184
269.1,2010-06-01,2015-05-17,44.6532,"TRAVERSE CITY 7.6 SSW, MI US",0.9835,GHCND:US1MIGT0011,METERS,-85.664
190.8,2008-06-01,2019-10-04,47.1077,"HOUGHTON 1.6 ESE, MI US",0.9788,GHCND:US1MIHG0001,METERS,-88.5294
213.1,2008-08-01,2019-10-01,47.0831,"CHASSELL 4.0 N, MI US",0.5295,GHCND:US1MIHG0003,METERS,-88.5269
317,2008-06-01,2019-10-05,42.0453,"LITCHFIELD 0.3 ENE, MI US",1,GHCND:US1MIHL0001,METERS,-84.7531
306.9,2008-09-01,2010-08-12,41.7557,"CAMDEN 0.1 WSW, MI US",0.6967,GHCND:US1MIHL0003,METERS,-84.7591
364.8,1998-06-17,2019-10-05,42.0147,"JONESVILLE 5.9 ENE, MI US",1,GHCND:US1MIHL0004,METERS,-84.5619
331,2008-08-01,2018-05-22,41.8978,"HILLSDALE 3.2 SW, MI US",0.5797,GHCND:US1MIHL0005,METERS,-84.6841
332.5,1998-06-01,2019-08-21,42.0611,"MOSCOW 1.0 NE, MI US",0.1327,GHCND:US1MIHL0006,METERS,-84.497
232,2008-08-01,2019-10-04,43.7226,"BAD AXE 6.3 SSW, MI US",0.5544,GHCND:US1MIHR0001,METERS,-83.0573
228,2009-04-01,2019-09-14,43.7961,"BAD AXE 0.5 SSW, MI US",0.7125,GHCND:US1MIHR0002,METERS,-82.9996
181.7,2009-12-01,2012-04-06,43.9771,"CASEVILLE 4.2 NE, MI US",1,GHCND:US1MIHR0003,METERS,-83.206
179.5,2010-01-01,2012-06-19,44.2758,"TAWAS CITY 0.6 NNE, MI US",0.8344,GHCND:US1MIIC0002,METERS,-83.5184
179.8,2010-06-01,2019-10-05,44.2832,"EAST TAWAS 0.8 WSW, MI US",0.9998,GHCND:US1MIIC0003,METERS,-83.4992
264.9,2008-04-01,2012-08-10,42.7325,"LANSING 1.8 NNE, MI US",0.8316,GHCND:US1MIIH0001,METERS,-84.5382
262.4,2008-10-01,2013-05-23,42.7487,"EAST LANSING 1.2 NE, MI US",0.518,GHCND:US1MIIH0003,METERS,-84.4687
260.3,2008-08-01,2019-10-04,42.7373,"LANSING 2.6 NE, MI US",0.837,GHCND:US1MIIH0006,METERS,-84.5212
270.4,2008-07-01,2011-02-21,42.706,"OKEMOS 0.6 ESE, MI US",0.9947,GHCND:US1MIIH0007,METERS,-84.4023
285.3,2009-01-01,2012-01-23,42.4428,"STOCKBRIDGE 6.1 W, MI US",0.5406,GHCND:US1MIIH0012,METERS,-84.2972
287.7,2009-03-01,2013-06-13,42.5814,"MASON 6.4 W, MI US",0.8268,GHCND:US1MIIH0016,METERS,-84.5697
258.2,1998-06-01,2015-09-25,42.7605,"EAST LANSING 1.8 NNE, MI US",0.2596,GHCND:US1MIIH0018,METERS,-84.4702
257.3,2010-05-01,2013-08-28,42.7616,"LANSING 4.0 NNW, MI US",0.5244,GHCND:US1MIIH0020,METERS,-84.5853
203.3,2009-03-01,2019-10-05,42.9576,"SARANAC 2.6 NE, MI US",1,GHCND:US1MIIN0001,METERS,-85.1738
199.6,2009-06-01,2010-10-25,42.9828,"IONIA 0.3 SW, MI US",0.499,GHCND:US1MIIN0002,METERS,-85.0623
259.1,2010-03-01,2016-12-02,43.0513,"ORLEANS 1.3 SSE, MI US",0.6435,GHCND:US1MIIN0003,METERS,-85.1245
227.4,2008-07-01,2012-03-13,43.6501,"MOUNT PLEASANT 5.1 NE, MI US",0.9998,GHCND:US1MIIS0001,METERS,-84.7081
335,2008-05-01,2011-05-24,42.1066,"HANOVER 2.8 E, MI US",0.538,GHCND:US1MIJC0001,METERS,-84.4977
289.3,2008-08-01,2009-07-29,42.2617,"JACKSON 1.3 NNE, MI US",0.7505,GHCND:US1MIJC0004,METERS,-84.3984
302.4,2008-07-01,2019-10-05,42.2288,"JACKSON 2.8 WSW, MI US",0.4944,GHCND:US1MIJC0005,METERS,-84.4565
292.3,2008-07-01,2019-10-04,42.2484,"JACKSON 1.2 ENE, MI US",0.9031,GHCND:US1MIJC0007,METERS,-84.383
304.2,2008-09-07,2018-09-26,42.242,"GRASS LAKE 0.8 SW, MI US",0.034,GHCND:US1MIJC0009,METERS,-84.2147
317.9,2008-07-01,2019-10-03,42.0926,"HANOVER 4.1 E, MI US",0.9891,GHCND:US1MIJC0010,METERS,-84.4729
304.2,2008-07-01,2019-10-03,42.2406,"JACKSON 3.2 W, MI US",0.9999,GHCND:US1MIJC0011,METERS,-84.4669
328,2008-08-01,2019-10-05,42.107,"HANOVER 3.8 W, MI US",1,GHCND:US1MIJC0013,METERS,-84.626
286.2,2009-02-01,2019-01-28,42.4113,"RIVES JUNCTION 4.0 NW, MI US",1,GHCND:US1MIJC0014,METERS,-84.5276
180.4,2010-01-01,2010-08-20,44.8513,"RAPID CITY 2.2 NW, MI US",1,GHCND:US1MIKK0002,METERS,-85.321
212.1,2008-06-01,2011-11-28,42.8569,"KENTWOOD 3.1 SW, MI US",1,GHCND:US1MIKN0001,METERS,-85.6426
210,2008-07-01,2009-05-16,42.8108,"BYRON CENTER 1.9 ESE, MI US",0.636,GHCND:US1MIKN0003,METERS,-85.6852
249.3,2008-07-01,2011-09-24,43.0895,"ROCKFORD 2.6 S, MI US",0.718,GHCND:US1MIKN0004,METERS,-85.5662
243.5,2008-06-01,2010-12-02,42.8618,"ALTO 5.6 WNW, MI US",0.3869,GHCND:US1MIKN0005,METERS,-85.4799
190.2,2008-06-01,2019-01-30,42.9492,"ADA 0.7 SE, MI US",0.8241,GHCND:US1MIKN0006,METERS,-85.4775
227.4,2008-06-01,2019-10-05,42.938,"EAST GRAND RAPIDS 0.7 SSW, MI US",0.9894,GHCND:US1MIKN0007,METERS,-85.6134
212.4,2008-01-01,2019-10-04,43.0053,"GRAND RAPIDS 3.1 NNE, MI US",0.9395,GHCND:US1MIKN0008,METERS,-85.6411
228.3,2008-06-01,2008-12-06,42.8067,"BYRON CENTER 0.4 SW, MI US",0.9956,GHCND:US1MIKN0009,METERS,-85.7267
257.9,2008-06-01,2009-07-27,43.1442,"SPARTA 1.1 SSW, MI US",1,GHCND:US1MIKN0010,METERS,-85.719
215.8,2008-09-01,2019-10-05,42.9237,"LOWELL 1.4 ESE, MI US",1,GHCND:US1MIKN0011,METERS,-85.3222
211.2,2008-07-01,2015-02-02,42.8334,"CUTLERVILLE 0.7 SE, MI US",0.2876,GHCND:US1MIKN0013,METERS,-85.652
186.2,2008-07-01,2019-10-05,42.8972,"GRANDVILLE 1.3 WSW, MI US",0.9999,GHCND:US1MIKN0014,METERS,-85.7791
233.8,2008-06-30,2019-10-05,42.9697,"GRAND RAPIDS 2.5 ENE, MI US",0.8494,GHCND:US1MIKN0016,METERS,-85.6075
227.4,2008-07-01,2019-10-04,42.8178,"ALTO 4.5 SW, MI US",0.5955,GHCND:US1MIKN0017,METERS,-85.4526
212.1,2008-07-01,2017-10-11,42.8689,"WYOMING 2.2 SW, MI US",0.6617,GHCND:US1MIKN0018,METERS,-85.7321
221.9,2008-07-01,2015-11-07,42.8403,"CUTLERVILLE 1.0 E, MI US",1,GHCND:US1MIKN0019,METERS,-85.6412
200.3,2008-07-01,2016-08-17,42.9147,"GRAND RAPIDS 3.2 S, MI US",0.8816,GHCND:US1MIKN0027,METERS,-85.6492
217.6,2008-09-01,2015-04-29,42.8416,"BYRON CENTER 2.9 NE, MI US",1,GHCND:US1MIKN0031,METERS,-85.6835
189.3,2008-07-01,2019-10-05,42.995,"GRAND RAPIDS 3.0 NW, MI US",0.9257,GHCND:US1MIKN0033,METERS,-85.6922
185.9,2008-07-01,2010-08-30,42.9273,"WYOMING 2.6 NNW, MI US",0.9992,GHCND:US1MIKN0035,METERS,-85.7209
209.1,2008-07-01,2017-01-05,42.899,"WYOMING 0.5 NNE, MI US",0.9999,GHCND:US1MIKN0039,METERS,-85.698
249.3,2008-07-01,2018-05-10,43.1616,"SPARTA 2.8 W, MI US",0.7956,GHCND:US1MIKN0042,METERS,-85.765
232.3,2008-07-01,2019-10-04,42.8253,"CALEDONIA 4.4 WNW, MI US",0.9999,GHCND:US1MIKN0043,METERS,-85.5894
219.8,2008-07-01,2010-12-10,43.1548,"ROCKFORD 2.0 N, MI US",0.7659,GHCND:US1MIKN0044,METERS,-85.5599
261.2,2008-07-01,2008-11-20,43.0105,"LOWELL 5.3 N, MI US",0.9947,GHCND:US1MIKN0045,METERS,-85.3518
223.1,2008-08-01,2009-10-10,43.1581,"ROCKFORD 2.2 N, MI US",0.666,GHCND:US1MIKN0046,METERS,-85.5603
227.1,2008-09-01,2019-10-05,42.8742,"KENTWOOD 1.6 WSW, MI US",1,GHCND:US1MIKN0048,METERS,-85.6221
246.3,2008-11-01,2010-11-12,42.8269,"CALEDONIA 2.6 NNW, MI US",0.9612,GHCND:US1MIKN0049,METERS,-85.5382
219.2,2009-05-01,2011-11-30,42.8187,"BYRON CENTER 0.5 NE, MI US",0.6617,GHCND:US1MIKN0051,METERS,-85.7171
241.1,2009-07-01,2019-10-04,42.9492,"ADA 1.8 W, MI US",0.9998,GHCND:US1MIKN0053,METERS,-85.5263
220.1,2010-08-01,2015-04-19,43.031,"GRAND RAPIDS 5.5 NNE, MI US",1,GHCND:US1MIKN0056,METERS,-85.6127
274,2008-07-01,2019-10-05,42.2061,"KALAMAZOO 6.0 SW, MI US",0.9999,GHCND:US1MIKZ0001,METERS,-85.659
271.9,1998-11-01,2019-04-29,42.283,"WESTERN MICHIGAN UNIVERSITY, MI US",0.5742,GHCND:US1MIKZ0006,METERS,-85.615
285.9,2009-04-01,2015-06-14,42.2905,"KALAMAZOO 3.0 WNW, MI US",0.7603,GHCND:US1MIKZ0008,METERS,-85.6425
260.9,2009-10-01,2019-10-05,42.269,"KALAMAZOO 5.6 E, MI US",0.7169,GHCND:US1MIKZ0009,METERS,-85.4789
255.4,2010-02-01,2019-09-12,42.3014,"KALAMAZOO 2.3 NE, MI US",1,GHCND:US1MIKZ0011,METERS,-85.5614
260.6,2010-07-01,2011-01-01,42.3068,"GALESBURG 1.3 N, MI US",0.9947,GHCND:US1MIKZ0012,METERS,-85.4146
273.7,2008-07-01,2019-10-04,45.0615,"NORTHPORT 5.0 SSW, MI US",1,GHCND:US1MILL0001,METERS,-85.6486
235.9,2008-07-01,2014-07-15,41.9356,"ADRIAN 6.4 ENE, MI US",1,GHCND:US1MILN0003,METERS,-83.9294
264.9,2008-06-01,2018-11-02,43.1131,"LUM 1.0 NW, MI US",1,GHCND:US1MILP0001,METERS,-83.1587
275.5,2008-08-01,2010-09-22,43.0951,"ATTICA 4.7 NNW, MI US",0.7696,GHCND:US1MILP0002,METERS,-83.1897
264.3,2008-09-01,2009-09-21,43.0316,"LAPEER 1.1 SSW, MI US",0.9819,GHCND:US1MILP0003,METERS,-83.3293
266.4,2008-07-01,2013-05-10,42.4407,"PINCKNEY 2.5 ESE, MI US",0.9925,GHCND:US1MILV0001,METERS,-83.9002
282.9,2008-07-01,2012-10-15,42.6269,"HOWELL 2.2 ENE, MI US",0.6533,GHCND:US1MILV0002,METERS,-83.899
178,2008-06-01,2010-06-24,42.5248,"ST. CLAIR SHORES 2.2 N, MI US",0.9947,GHCND:US1MIMB0002,METERS,-82.893
184.1,2008-07-01,2010-06-11,42.6134,"STERLING HEIGHTS 3.4 NE, MI US",1,GHCND:US1MIMB0003,METERS,-82.9822
207.3,2008-07-01,2019-10-03,42.6659,"SHELBY 0.4 SSE, MI US",0.9999,GHCND:US1MIMB0007,METERS,-83.0287
175,2008-08-01,2019-10-05,42.677,"NEW BALTIMORE 0.4 SSE, MI US",1,GHCND:US1MIMB0009,METERS,-82.7357
184.1,2008-08-01,2013-06-13,42.5911,"STERLING HEIGHTS 2.3 ENE, MI US",0.3731,GHCND:US1MIMB0010,METERS,-82.9882
182,2009-10-01,2019-10-03,42.6527,"UTICA 4.6 ENE, MI US",0.3846,GHCND:US1MIMB0011,METERS,-82.937
182.9,2008-09-01,2009-12-29,42.607,"STERLING HEIGHTS 3.3 NE, MI US",0.9375,GHCND:US1MIMB0012,METERS,-82.976
214.9,2009-03-01,2010-12-04,42.7257,"WASHINGTON 0.2 NW, MI US",0.998,GHCND:US1MIMB0015,METERS,-83.0397
181.4,2009-04-01,2019-10-05,42.6208,"CLINTON 2.3 N, MI US",0.8975,GHCND:US1MIMB0016,METERS,-82.9205
184.7,2009-05-01,2010-05-12,42.4787,"EASTPOINTE 1.0 NNE, MI US",0.998,GHCND:US1MIMB0017,METERS,-82.9416
182.9,2009-07-01,2011-09-10,42.6635,"MACOMB 3.9 SE, MI US",1,GHCND:US1MIMB0018,METERS,-82.9025
198.4,2010-04-01,2015-11-22,42.6396,"UTICA 0.8 NNW, MI US",0.9999,GHCND:US1MIMB0022,METERS,-83.0272
184.7,2010-09-01,2013-04-19,42.5732,"CLINTON 1.0 S, MI US",0.6256,GHCND:US1MIMB0023,METERS,-82.9173
214.9,2010-08-01,2017-02-25,42.7787,"RAY 2.1 WNW, MI US",0.8087,GHCND:US1MIMB0024,METERS,-82.9359
180.4,2001-03-01,2016-01-16,42.6037,"CLINTON 1.2 N, MI US",0.2865,GHCND:US1MIMB0025,METERS,-82.9245
196.6,2008-06-01,2013-04-19,43.7357,"MIDLAND 8.2 NNE, MI US",1,GHCND:US1MIMD0001,METERS,-84.1768
188.1,2008-11-01,2019-10-04,43.6263,"MIDLAND 4.4 W, MI US",0.7112,GHCND:US1MIMD0004,METERS,-84.3173
205.4,2010-04-01,2018-12-05,43.6312,"MIDLAND 1.8 ENE, MI US",0.9998,GHCND:US1MIMD0005,METERS,-84.1943
199,1998-06-17,2019-10-05,43.6441,"MIDLAND 1.5 NNE, MI US",0.1024,GHCND:US1MIMD0010,METERS,-84.2173
284.7,2008-09-01,2010-04-30,43.6849,"BIG RAPIDS 1.4 SSE, MI US",0.9026,GHCND:US1MIME0001,METERS,-85.4752
281.9,2009-04-01,2011-08-04,43.7075,"BIG RAPIDS 0.7 ENE, MI US",1,GHCND:US1MIME0002,METERS,-85.4739
307.5,2009-05-01,2013-07-22,43.7383,"BIG RAPIDS 3.2 NE, MI US",0.499,GHCND:US1MIME0003,METERS,-85.4433
184.1,2008-07-01,2009-06-02,43.2076,"MUSKEGON 2.5 WSW, MI US",0.9173,GHCND:US1MIMG0001,METERS,-86.297
193.9,2008-07-01,2008-10-28,43.1838,"NORTON SHORES 2.9 NW, MI US",0.9898,GHCND:US1MIMG0003,METERS,-86.3007
183.5,2010-03-01,2012-10-28,43.1603,"NORTON SHORES 0.9 W, MI US",0.8108,GHCND:US1MIMG0010,METERS,-86.2711
187.5,2010-05-01,2016-09-22,43.1844,"NORTON SHORES 3.0 WNW, MI US",0.5934,GHCND:US1MIMG0012,METERS,-86.3029
189.3,2010-05-01,2019-10-04,43.1791,"MUSKEGON 3.5 SSE, MI US",0.7039,GHCND:US1MIMG0013,METERS,-86.2364
196.3,2010-10-12,2019-10-02,43.1917,"MUSKEGON 5.5 ESE, MI US",0.0369,GHCND:US1MIMG0014,METERS,-86.1586
205.7,2010-11-01,2019-01-17,43.2262,"WOLF LAKE 3.2 ESE, MI US",0.8835,GHCND:US1MIMG0015,METERS,-86.0479
200.6,2010-11-01,2012-11-19,43.2976,"TWIN LAKE 5.1 SSE, MI US",0.6399,GHCND:US1MIMG0016,METERS,-86.1531
374.3,2010-04-01,2019-10-05,44.2659,"LAKE CITY 5.0 SSW, MI US",0.9998,GHCND:US1MIMK0001,METERS,-85.2553
262.7,2008-07-01,2019-10-03,45.6989,"SPALDING 0.5 NW, MI US",1,GHCND:US1MIMM0001,METERS,-87.5153
236.8,2008-07-01,2014-01-07,44.2288,"WELLSTON 0.8 N, MI US",0.9995,GHCND:US1MIMN0001,METERS,-85.9578
220.1,2008-06-01,2015-11-07,46.4731,"MARQUETTE 5.5 SSE, MI US",1,GHCND:US1MIMQ0001,METERS,-87.3678
219.5,2008-07-01,2010-10-08,46.4631,"MARQUETTE 6.5 SSE, MI US",0.7112,GHCND:US1MIMQ0004,METERS,-87.3471
230.1,2008-09-01,2010-10-28,46.4058,"SKANDIA 2.1 NNW, MI US",0.885,GHCND:US1MIMQ0007,METERS,-87.2477
223.4,2008-12-01,2011-11-29,46.5606,"MARQUETTE 1.9 WNW, MI US",0.7227,GHCND:US1MIMQ0009,METERS,-87.4334
449.6,2010-05-01,2011-06-23,46.4899,"ISHPEMING 2.5 W, MI US",0.9925,GHCND:US1MIMQ0012,METERS,-87.7154
175,1998-06-17,2019-10-04,41.9496,"NEWPORT 3.1 SE, MI US",0.9994,GHCND:US1MIMR0001,METERS,-83.2801
178.6,2008-10-01,2019-04-17,42.0335,"SOUTH ROCKWOOD 2.0 S, MI US",0.4037,GHCND:US1MIMR0003,METERS,-83.2641
182.3,2008-12-01,2019-10-05,41.8726,"MONROE 3.0 S, MI US",1,GHCND:US1MIMR0004,METERS,-83.3809
200.9,2009-11-01,2016-11-07,41.9146,"PETERSBURG 5.1 ENE, MI US",0.4522,GHCND:US1MIMR0005,METERS,-83.6143
209.7,2008-07-01,2019-10-05,44.0353,"SCOTTVILLE 6.6 NNW, MI US",0.9999,GHCND:US1MIMS0001,METERS,-86.34
301.4,2008-07-01,2009-06-01,43.3871,"EDMORE 3.0 ESE, MI US",0.9925,GHCND:US1MIMT0001,METERS,-84.9851
257.9,2008-07-01,2016-07-13,43.3116,"TRUFANT 0.1 SE, MI US",0.3258,GHCND:US1MIMT0002,METERS,-85.353
270.4,2008-07-01,2009-10-26,44.98,"ATLANTA 1.7 S, MI US",0.998,GHCND:US1MIMY0001,METERS,-84.1428
271.3,2009-03-01,2016-09-08,44.9978,"ATLANTA 0.9 SW, MI US",0.2666,GHCND:US1MIMY0002,METERS,-84.1603
267,2009-10-01,2018-11-08,45.0158,"HILLMAN 6.9 WSW, MI US",0.999,GHCND:US1MIMY0003,METERS,-84.0224
189.9,2008-08-01,2019-10-05,43.3818,"GRANT 4.8 NW, MI US",0.8539,GHCND:US1MINW0002,METERS,-85.8797
251.2,2008-07-01,2013-09-04,43.4616,"NEWAYGO 10.3 ENE, MI US",1,GHCND:US1MINW0003,METERS,-85.6027
265.8,2008-08-01,2011-07-22,43.3938,"NEWAYGO 7.7 ESE, MI US",0.8061,GHCND:US1MINW0004,METERS,-85.6523
244.8,2009-03-01,2013-04-19,43.3626,"GRANT 6.2 ENE, MI US",0.8316,GHCND:US1MINW0005,METERS,-85.6933
263.7,2009-08-01,2012-12-07,43.5107,"FREMONT 3.5 NNW, MI US",1,GHCND:US1MINW0006,METERS,-85.9666
294.7,2009-09-01,2019-10-04,43.591,"WHITE CLOUD 2.9 NW, MI US",1,GHCND:US1MINW0007,METERS,-85.798
298.1,2010-03-01,2019-10-04,43.6063,"WHITE CLOUD 7.5 ENE, MI US",0.9998,GHCND:US1MINW0008,METERS,-85.6419
270.1,2008-07-01,2011-09-30,43.7733,"WALKERVILLE 4.2 NNE, MI US",1,GHCND:US1MIOC0001,METERS,-86.1071
224.6,2008-08-01,2019-10-05,43.5,"MONTAGUE 8.1 NW, MI US",1,GHCND:US1MIOC0002,METERS,-86.47
230.4,2009-04-25,2019-10-01,43.6747,"HART 3 WSW, MI US",0.9843,GHCND:US1MIOC0003,METERS,-86.4225
344.1,2010-09-01,2019-10-05,44.6414,"LUZERNE 2.4 NE, MI US",1,GHCND:US1MIOD0003,METERS,-84.2383
259.1,2009-04-01,2009-07-13,44.2197,"WEST BRANCH 5.4 SE, MI US",1,GHCND:US1MIOG0001,METERS,-84.1594
293.2,2009-04-01,2012-11-11,44.2864,"WEST BRANCH 1.1 NE, MI US",0.9086,GHCND:US1MIOG0002,METERS,-84.2187
279.2,2008-06-01,2010-10-26,42.5713,"WEST BLOOMFIELD TOWNSHIP 0.9 E, MI US",0.9996,GHCND:US1MIOK0005,METERS,-83.3644
334.4,2008-07-01,2012-11-04,42.7592,"CLARKSTON 4.3 ENE, MI US",0.9925,GHCND:US1MIOK0008,METERS,-83.3421
193.2,2008-07-01,2009-03-20,42.464,"FERNDALE 0.8 ENE, MI US",0.9998,GHCND:US1MIOK0009,METERS,-83.1162
268.2,2008-07-01,2015-10-04,42.5381,"WEST BLOOMFIELD TOWNSHIP 2.8 S, MI US",0.5567,GHCND:US1MIOK0012,METERS,-83.3476
200.3,2008-09-01,2019-10-05,42.4725,"PLEASANT RIDGE 0.5 WNW, MI US",1,GHCND:US1MIOK0013,METERS,-83.1536
224.3,2008-08-01,2011-11-26,42.4565,"FARMINGTON HILLS 2.3 SSW, MI US",0.9744,GHCND:US1MIOK0014,METERS,-83.3981
283.2,2008-08-01,2017-10-23,42.6308,"PONTIAC 2.0 SW, MI US",0.4018,GHCND:US1MIOK0015,METERS,-83.3172
313,2008-08-01,2014-01-05,42.8391,"ORTONVILLE 2.4 WSW, MI US",0.6408,GHCND:US1MIOK0018,METERS,-83.4882
285.9,2008-09-01,2016-05-17,42.6121,"COMMERCE 1.0 N, MI US",0.7914,GHCND:US1MIOK0020,METERS,-83.492
327.7,2008-09-01,2012-10-27,42.8378,"ORTONVILLE 3.3 ESE, MI US",0.7999,GHCND:US1MIOK0021,METERS,-83.3812
295,2008-11-01,2013-11-29,42.5486,"MILFORD 4.1 SW, MI US",0.7708,GHCND:US1MIOK0026,METERS,-83.6649
201.8,2009-04-01,2010-08-30,42.473,"OAK PARK 0.8 NE, MI US",0.9989,GHCND:US1MIOK0030,METERS,-83.171
294.1,2009-04-01,2019-10-04,42.7008,"WATERFORD 2.6 N, MI US",0.75,GHCND:US1MIOK0031,METERS,-83.3907
302.4,2009-04-01,2015-06-23,42.6025,"MILFORD 1.4 NE, MI US",0.7051,GHCND:US1MIOK0032,METERS,-83.5854
299.3,2009-08-01,2019-10-05,42.6874,"WATERFORD 2.1 NW, MI US",1,GHCND:US1MIOK0035,METERS,-83.4132
206,2009-08-01,2012-09-24,42.5494,"TROY 2.1 S, MI US",0.5788,GHCND:US1MIOK0036,METERS,-83.1453
287.7,2009-09-01,2011-05-16,42.5631,"WEST BLOOMFIELD TOWNSHIP 0.7 S, MI US",1,GHCND:US1MIOK0037,METERS,-83.3713
315.5,2010-04-01,2016-12-12,42.7326,"CLARKSTON 1.2 E, MI US",0.9925,GHCND:US1MIOK0042,METERS,-83.3982
283.8,2010-08-01,2017-06-23,42.5727,"MILFORD 4.3 ESE, MI US",0.6675,GHCND:US1MIOK0044,METERS,-83.5176
285.9,2010-10-01,2019-10-05,42.5773,"ORCHARD LAKE VILLAGE 0.9 WSW, MI US",0.7727,GHCND:US1MIOK0046,METERS,-83.3942
262.7,2010-10-01,2019-10-05,42.5452,"BLOOMFIELD TOWNSHIP 3.1 SW, MI US",0.9999,GHCND:US1MIOK0047,METERS,-83.3177
394.4,2008-07-01,2010-12-16,43.9706,"REED CITY 9.3 NE, MI US",0.999,GHCND:US1MIOL0001,METERS,-85.3808
193.9,2010-05-01,2019-06-23,46.8696,"ONTONAGON 0.3 NE, MI US",0.9996,GHCND:US1MION0001,METERS,-89.3093
402,1998-06-01,2015-08-19,44.9978,"GAYLORD 2.2 SE, MI US",0.9883,GHCND:US1MIOT0001,METERS,-84.6531
391.1,2008-06-01,2015-09-19,44.9527,"GAYLORD 5.1 SSW, MI US",0.4205,GHCND:US1MIOT0002,METERS,-84.7046
410.6,2008-06-01,2009-04-27,45.0289,"GAYLORD 0.6 NE, MI US",1,GHCND:US1MIOT0003,METERS,-84.6681
400.8,2008-07-01,2019-10-04,45.0328,"GAYLORD 1.7 WNW, MI US",0.9999,GHCND:US1MIOT0004,METERS,-84.7109
417.6,2008-07-01,2013-08-09,45.0114,"GAYLORD 7.4 W, MI US",0.3063,GHCND:US1MIOT0005,METERS,-84.8278
357.8,2008-08-01,2011-10-14,45.0531,"GAYLORD 5.0 WNW, MI US",1,GHCND:US1MIOT0006,METERS,-84.7708
397.8,2009-04-01,2012-09-20,45.0093,"GAYLORD 1.8 ESE, MI US",1,GHCND:US1MIOT0007,METERS,-84.6468
196,2008-07-01,2019-08-15,42.9205,"JENISON 1.0 NE, MI US",0.7311,GHCND:US1MIOW0001,METERS,-85.8173
188.1,2008-06-01,2019-10-04,42.823,"HOLLAND 3.9 NNE, MI US",1,GHCND:US1MIOW0002,METERS,-86.0678
218.8,2008-06-01,2015-09-29,42.988,"WALKER 3.2 W, MI US",1,GHCND:US1MIOW0003,METERS,-85.8103
182.3,2008-07-01,2016-03-20,42.768,"HOLLAND 3.8 W, MI US",0.417,GHCND:US1MIOW0004,METERS,-86.1778
188.4,2008-07-01,2013-04-11,43.0174,"GRAND HAVEN 2.6 S, MI US",0.8105,GHCND:US1MIOW0007,METERS,-86.22
182.3,2008-07-01,2008-12-19,43.0457,"GRAND HAVEN 1.9 ESE, MI US",1,GHCND:US1MIOW0008,METERS,-86.1898
187.1,2008-07-01,2019-10-03,42.8231,"HOLLAND 4.3 NNW, MI US",1,GHCND:US1MIOW0014,METERS,-86.1485
198.1,2008-09-01,2014-01-11,42.8653,"HUDSONVILLE 0.3 E, MI US",1,GHCND:US1MIOW0020,METERS,-85.8574
212.1,2008-11-01,2010-12-01,42.9186,"JENISON 1.5 WNW, MI US",1,GHCND:US1MIOW0021,METERS,-85.8569
189.9,2009-03-01,2010-07-23,43.0887,"NUNICA 1.2 NW, MI US",1,GHCND:US1MIOW0024,METERS,-86.0863
182.6,2009-03-01,2019-10-04,42.8011,"HOLLAND 5.1 WNW, MI US",1,GHCND:US1MIOW0025,METERS,-86.1948
192,2009-05-01,2016-07-12,42.995,"GRAND HAVEN 4.2 S, MI US",0.6866,GHCND:US1MIOW0026,METERS,-86.218
188.4,2009-10-01,2015-11-21,42.8295,"HOLLAND 6.6 NW, MI US",0.3379,GHCND:US1MIOW0027,METERS,-86.2054
196,2010-05-01,2016-11-03,42.8277,"HOLLAND 4.2 NNE, MI US",0.6814,GHCND:US1MIOW0029,METERS,-86.0697
199.3,2010-10-01,2018-08-30,42.9674,"ALLENDALE 1.3 SSW, MI US",0.9999,GHCND:US1MIOW0030,METERS,-85.9574
346.3,2008-11-01,2019-09-03,44.3543,"HOUGHTON LAKE 4.9 NE, MI US",1,GHCND:US1MIRS0001,METERS,-84.6832
364.8,2008-08-01,2010-08-28,44.3489,"ST. HELEN 1.0 SSW, MI US",0.6799,GHCND:US1MIRS0002,METERS,-84.4239
367.6,2009-03-01,2019-09-29,44.3033,"HOUGHTON LAKE 0.7 SSE, MI US",0.541,GHCND:US1MIRS0003,METERS,-84.7597
361.8,2009-06-01,2014-10-30,44.4516,"ROSCOMMON 4.7 SW, MI US",0.9228,GHCND:US1MIRS0004,METERS,-84.6672
353.6,2009-05-01,2011-09-30,44.4644,"ROSCOMMON 4.6 WSW, MI US",0.6894,GHCND:US1MIRS0005,METERS,-84.6736
192.9,2008-08-01,2011-11-30,42.8365,"ST. CLAIR 4.8 W, MI US",1,GHCND:US1MISC0001,METERS,-82.5873
186.2,2009-12-01,2019-10-04,42.9962,"PORT HURON 1.6 W, MI US",1,GHCND:US1MISC0003,METERS,-82.4643
200.6,1998-06-01,2014-01-06,43.2291,"BIRCH RUN 2.6 ESE, MI US",0.998,GHCND:US1MISG0004,METERS,-83.747
198.1,2008-08-01,2011-07-18,43.5247,"FREELAND 0.7 ENE, MI US",0.8339,GHCND:US1MISG0005,METERS,-84.1042
180.1,2009-07-01,2014-07-30,43.3789,"SAGINAW 2.8 S, MI US",0.5737,GHCND:US1MISG0010,METERS,-83.9403
185.6,1998-06-17,2019-10-05,43.4557,"SAGINAW 3.0 NW, MI US",0.9998,GHCND:US1MISG0011,METERS,-83.9846
248.4,2010-11-01,2012-07-03,41.7778,"WHITE PIGEON 3.4 ESE, MI US",1,GHCND:US1MISJ0002,METERS,-85.5833
245.1,2008-08-01,2015-10-13,43.207,"BROWN CITY 0.7 ESE, MI US",0.6207,GHCND:US1MISN0001,METERS,-82.9766
239.9,2008-07-01,2013-03-15,42.956,"OWOSSO 4.6 SW, MI US",0.6842,GHCND:US1MISW0001,METERS,-84.2487
259.1,2008-07-01,2009-06-01,42.8336,"LAINGSBURG 3.9 S, MI US",0.9994,GHCND:US1MISW0002,METERS,-84.3542
249.9,2009-11-01,2019-10-05,42.93,"DURAND 6.2 WNW, MI US",1,GHCND:US1MISW0005,METERS,-84.1046
202.7,2009-01-01,2019-09-30,42.4093,"GRAND JUNCTION 1.3 ENE, MI US",0.9774,GHCND:US1MIVB0002,METERS,-86.0481
216.1,2010-03-01,2019-10-05,42.2658,"PAW PAW 3.6 NNE, MI US",0.9995,GHCND:US1MIVB0004,METERS,-85.8619
210,2010-04-01,2011-09-21,42.3756,"GRAND JUNCTION 2.9 SSW, MI US",0.6665,GHCND:US1MIVB0005,METERS,-86.0915
240.8,2008-06-01,2012-03-25,42.1568,"MILAN 5.1 N, MI US",0.9947,GHCND:US1MIWS0001,METERS,-83.6701
266.4,2008-07-01,2019-10-04,42.3828,"PLYMOUTH 5.4 W, MI US",0.9999,GHCND:US1MIWS0003,METERS,-83.5712
249.9,2008-08-01,2019-10-04,42.2436,"ANN ARBOR 3.0 SE, MI US",0.8805,GHCND:US1MIWS0005,METERS,-83.692
298.1,2008-09-01,2012-07-09,42.2935,"ANN ARBOR 2.4 WNW, MI US",1,GHCND:US1MIWS0006,METERS,-83.7699
251.5,2008-08-01,2019-10-05,42.2391,"ANN ARBOR 3.1 SE, MI US",1,GHCND:US1MIWS0007,METERS,-83.6958
255.4,2008-09-01,2010-03-27,42.2038,"ANN ARBOR 5.1 SSW, MI US",1,GHCND:US1MIWS0010,METERS,-83.7549
275.5,2008-08-01,2019-10-05,42.2832,"ANN ARBOR 2.1 WNW, MI US",1,GHCND:US1MIWS0011,METERS,-83.7715
252.1,2008-09-01,2010-12-01,42.2316,"YPSILANTI 2.5 WSW, MI US",0.7502,GHCND:US1MIWS0014,METERS,-83.6665
274,2008-09-01,2010-08-22,42.2865,"ANN ARBOR 2.1 WNW, MI US",1,GHCND:US1MIWS0015,METERS,-83.7699
245.1,2008-09-01,2012-02-07,42.2973,"ANN ARBOR 1.5 N, MI US",0.8819,GHCND:US1MIWS0016,METERS,-83.7315
233.2,2010-06-01,2018-09-04,42.2521,"YPSILANTI 1.1 ENE, MI US",0.3116,GHCND:US1MIWS0018,METERS,-83.6028
236.2,2010-06-01,2011-09-27,42.1617,"SALINE 1.2 SE, MI US",1,GHCND:US1MIWS0021,METERS,-83.7669
249.9,2009-11-01,2019-10-05,42.1262,"SALINE 3.8 SSW, MI US",0.7129,GHCND:US1MIWS0025,METERS,-83.8109
389.5,2008-07-01,2013-04-24,44.2861,"CADILLAC 4.0 NE, MI US",0.5174,GHCND:US1MIWX0001,METERS,-85.3557
207.3,2008-07-01,2013-08-13,42.3305,"CANTON 1.7 NNE, MI US",0.9819,GHCND:US1MIWY0005,METERS,-83.4678
183.2,2008-07-01,2011-08-16,42.314,"DEARBORN 1.6 W, MI US",1,GHCND:US1MIWY0006,METERS,-83.245
184.1,2008-07-12,2019-10-05,42.35,"DEARBORN 3.5 NE, MI US",0.6412,GHCND:US1MIWY0007,METERS,-83.17
181.1,2008-08-01,2019-09-14,42.1365,"WOODHAVEN 0.9 WNW, MI US",0.573,GHCND:US1MIWY0011,METERS,-83.2529
199.6,2008-08-01,2013-05-21,42.1781,"BELLEVILLE 3.0 SE, MI US",1,GHCND:US1MIWY0013,METERS,-83.4351
199.9,2008-08-01,2017-04-26,42.3835,"LIVONIA 1.1 SSW, MI US",0.8479,GHCND:US1MIWY0014,METERS,-83.3779
193.9,2008-09-01,2017-12-14,42.36,"LIVONIA 2.8 SSE, MI US",0.8893,GHCND:US1MIWY0016,METERS,-83.3533
208.2,2009-02-01,2019-09-18,42.4064,"LIVONIA 2.2 WNW, MI US",0.8261,GHCND:US1MIWY0020,METERS,-83.4132
268.5,2009-05-01,2010-07-18,42.4239,"NORTHVILLE 2.0 ESE, MI US",0.8658,GHCND:US1MIWY0021,METERS,-83.4529
190.2,2009-08-01,2017-08-29,42.195,"TAYLOR 2.8 SW, MI US",0.7992,GHCND:US1MIWY0022,METERS,-83.3035
210.6,2010-04-01,2017-12-08,42.3155,"CANTON 0.7 NW, MI US",0.7498,GHCND:US1MIWY0031,METERS,-83.4925
207.9,2010-08-01,2014-08-20,42.2354,"BELLEVILLE 2.3 NNE, MI US",0.8476,GHCND:US1MIWY0032,METERS,-83.4724
210.9,2010-04-01,2019-10-05,42.431,"LIVONIA 2.3 NNW, MI US",0.9998,GHCND:US1MIWY0033,METERS,-83.3819
194.8,2011-01-01,2012-04-01,42.3326,"GARDEN CITY 0.8 NW, MI US",1,GHCND:US1MIWY0037,METERS,-83.3536
180.1,1998-06-01,2019-10-01,42.32,"DETROIT 4.4 S, MI US",0.2804,GHCND:US1MIWY0038,METERS,-83.09
231.6,1887-07-01,2019-10-04,41.9163,"ADRIAN 2 NNE, MI US",1,GHCND:USC00200032,METERS,-84.0158
331.6,2010-01-01,2016-03-12,47.292,"AHMEEK 1 SW, MI US",0.9995,GHCND:USC00200050,METERS,-88.4209
179.5,1997-07-01,2003-12-31,43.6097,"AKRON 7 NW, MI US",0.9227,GHCND:USC00200084,METERS,-83.6336
399.3,1957-10-01,2019-09-21,46.6448,"ALBERTA FORD FOR CENTER, MI US",1,GHCND:USC00200089,METERS,-88.4812
286.5,1888-02-01,2019-10-05,42.2486,"ALBION, MI US",1,GHCND:USC00200094,METERS,-84.7736
176.8,2004-04-01,2019-10-05,42.6158,"ALGONAC WWTP, MI US",1,GHCND:USC00200106,METERS,-82.5436
228.6,1920-01-01,2010-12-31,42.5799,"ALLEGAN 5 NE, MI US",1,GHCND:USC00200128,METERS,-85.7893
213.4,2011-01-01,2014-07-31,42.9583,"ALLENDALE 3 ESE, MI US",1,GHCND:USC00200135,METERS,-85.8958
222.2,1887-06-01,2019-10-04,43.3869,"ALMA, MI US",1,GHCND:USC00200146,METERS,-84.6482
225.6,1998-05-01,2016-03-01,45.1627,"ALPENA 10 NW, MI US",1,GHCND:USC00200166,METERS,-83.5905
445,2007-10-01,2010-06-30,46.22889,"AMASA, MI US",1,GHCND:USC00200194,METERS,-88.44444
448.1,1994-11-01,2019-10-03,46.2347,"AMASA 1 W, MI US",1,GHCND:USC00200197,METERS,-88.4544
263.7,2008-05-01,2013-06-04,42.2875,"ANN ARBOR 1 W, MI US",1,GHCND:USC00200220,METERS,-83.7611
253.6,2003-04-01,2019-10-05,42.2416,"ANN ARBOR SE, MI US",1,GHCND:USC00200228,METERS,-83.6933
247.8,1891-10-01,2019-10-04,42.29806,"ANN ARBOR U OF MICH, MI US",1,GHCND:USC00200230,METERS,-83.66388
228.6,2008-01-01,2008-09-30,42.8461,"ARMADA 2 E, MI US",1,GHCND:USC00200232,METERS,-82.8425
338.6,2007-01-01,2019-08-31,46.07511,"ARNOLD 2 N, MI US",0.9991,GHCND:USC00200234,METERS,-87.48987
267.9,2005-02-01,2019-10-04,45.00471,"ATLANTA, MI US",1,GHCND:USC00200342,METERS,-84.14043
359.7,1927-03-01,2010-12-31,45.02833,"ATLANTA 5 WNW, MI US",1,GHCND:USC00200343,METERS,-84.23306
184.4,2004-11-01,2019-10-05,43.6252,"AUBURN 2 NE, MI US",1,GHCND:USC00200361,METERS,-84.0188
234.7,1997-11-01,2003-08-31,43.12556,"AVOCA 4 N, MI US",1,GHCND:USC00200373,METERS,-82.68861
217.9,1925-06-01,2019-10-05,43.808,"BAD AXE, MI US",1,GHCND:USC00200417,METERS,-82.9938
225.6,1997-09-01,2006-09-01,43.8302,"BAD AXE 8 E, MI US",0.9995,GHCND:USC00200420,METERS,-82.8425
254.5,1896-08-01,2016-10-27,43.9005,"BALDWIN, MI US",1,GHCND:USC00200446,METERS,-85.8505
236.5,2010-01-01,2019-06-19,46.7953,"BARAGA 5 W, MI US",0.947,GHCND:USC00200495,METERS,-88.6014
198.7,2008-10-01,2019-09-30,46.8208,"BARAGA 7 NW, MI US",1,GHCND:USC00200497,METERS,-88.6064
283.5,1948-05-01,2019-10-04,42.3667,"BATTLE CREEK 5 NW, MI US",0.9853,GHCND:USC00200552,METERS,-85.2667
208.2,2010-01-01,2010-12-31,43.8797,"BEAVERTON 1 ESE, MI US",1,GHCND:USC00200632,METERS,-84.4741
190.5,1893-01-01,2019-07-31,42.1245,"BENTON HARBOR AIRPORT, MI US",0.6421,GHCND:USC00200710,METERS,-86.4266
202.7,2004-08-01,2008-06-30,42.4933,"BERKLEY, MI US",1,GHCND:USC00200716,METERS,-83.175
396.2,1888-11-01,2019-10-03,46.5869,"BERGLAND DAM, MI US",1,GHCND:USC00200718,METERS,-89.5475
235.6,2003-02-01,2019-10-05,44.5316,"BEULAH 7 SSW, MI US",1,GHCND:USC00200758,METERS,-86.1311
233.2,1945-02-01,2019-10-05,46.8325,"BIG BAY 1 NW, MI US",1,GHCND:USC00200770,METERS,-87.7504
283.5,1896-04-01,2019-10-04,43.7072,"BIG RAPIDS WATERWORK, MI US",1,GHCND:USC00200779,METERS,-85.4822
210.3,2001-11-01,2018-10-31,41.84,"BLISSFIELD 1 NNE, MI US",1,GHCND:USC00200842,METERS,-83.8608
224.3,1904-04-01,2019-10-05,42.3838,"BLOOMINGDALE, MI US",1,GHCND:USC00200864,METERS,-85.9626
221.9,1961-05-01,2019-09-21,45.1672,"BOYNE FALLS, MI US",1,GHCND:USC00200925,METERS,-84.9138
304.8,2009-06-01,2015-01-01,42.1128,"BROOKLYN 2 ENE, MI US",0.9994,GHCND:USC00201017,METERS,-84.2097
246.9,1892-03-01,2011-05-24,43.2172,"BROWN CITY, MI US",1,GHCND:USC00201052,METERS,-82.9905
185.9,2004-01-01,2005-12-22,42.14,"BROWNSTOWN, MI US",1,GHCND:USC00201062,METERS,-83.2747
230.7,2005-08-01,2019-10-05,43.0675,"BURTON 4 N, MI US",1,GHCND:USC00201150,METERS,-83.5919
262.1,1998-01-01,2002-05-23,42.80861,"BYRON 4 WSW, MI US",1,GHCND:USC00201172,METERS,-84.035
415.4,2009-07-01,2019-10-04,44.21138,"CADILLAC 9 AND 10 NEWS, MI US",0.9751,GHCND:USC00201178,METERS,-85.40865
205.4,2004-08-01,2008-05-01,42.32,"CANTON, MI US",1,GHCND:USC00201225,METERS,-83.4561
248.4,2001-10-01,2011-04-30,43.048,"CAPAC 2 N, MI US",1,GHCND:USC00201238,METERS,-82.9238
191.1,2008-03-01,2019-09-08,42.0636,"CARLETON 2 W, MI US",1,GHCND:USC00201250,METERS,-83.4358
210.3,1928-01-01,2019-10-05,43.4838,"CARO WWTP, MI US",1,GHCND:USC00201299,METERS,-83.3919
181.4,2003-12-01,2012-03-30,43.9416,"CASEVILLE, MI US",1,GHCND:USC00201343,METERS,-83.2669
212.8,1959-05-01,2019-10-05,43.5861,"CASS CITY 1 SSW, MI US",1,GHCND:USC00201361,METERS,-83.1805
473.7,2005-07-01,2019-10-05,46.49909,"CLARKSBURG, MI US",1,GHCND:USC00201435,METERS,-87.84506
487.4,1949-12-01,2010-12-31,46.5193,"CHAMPION VAN RIPER P, MI US",1,GHCND:USC00201439,METERS,-87.9859
180.7,1891-12-01,2019-10-05,45.3172,"CHARLEVOIX, MI US",1,GHCND:USC00201468,METERS,-85.2672
274.9,1902-01-01,2019-10-04,42.5503,"CHARLOTTE, MI US",1,GHCND:USC00201476,METERS,-84.8258
265.2,1987-08-01,2019-10-04,46.3414,"CHATHAM EXPERIMENT FARM 2, MI US",1,GHCND:USC00201486,METERS,-86.9242
179.2,1891-09-01,2019-10-03,45.6527,"CHEBOYGAN, MI US",1,GHCND:USC00201492,METERS,-84.4725
274.3,1978-05-01,2019-10-05,42.3263,"CHELSEA, MI US",1,GHCND:USC00201502,METERS,-84.0133
189,1910-04-01,2019-10-04,43.1936,"CHESANING, MI US",1,GHCND:USC00201522,METERS,-84.1113
214.9,2005-01-01,2006-10-31,43.1794,"CLIO, MI US",1,GHCND:USC00201645,METERS,-83.7369
299.9,1897-03-01,2019-10-04,41.9622,"COLDWATER ST SCHOOL, MI US",1,GHCND:USC00201675,METERS,-84.9925
225.6,2008-10-01,2018-05-30,45.9248,"COOKS 2 NE, MI US",0.989,GHCND:USC00201768,METERS,-86.4435
190.5,1948-07-01,2019-09-30,47.4679,"COPPER HARBOR FORT WILKINS, MI US",1,GHCND:USC00201780,METERS,-87.8671
242,1991-07-01,2014-10-24,45.8269,"CORNELL 5 SE, MI US",1,GHCND:USC00201802,METERS,-87.1589
232.3,2001-04-01,2018-12-04,42.9986,"CORUNNA 2 NE, MI US",1,GHCND:USC00201818,METERS,-84.0744
219.8,1953-09-01,2019-08-31,45.6413,"CROSS VILLAGE 1 E, MI US",1,GHCND:USC00201896,METERS,-85.0141
234.7,2005-10-01,2016-12-30,45.468,"DAGGETT 4 W, MI US",0.9921,GHCND:USC00201940,METERS,-87.6836
184.4,1952-08-01,2019-10-05,42.3195,"DEARBORN, MI US",1,GHCND:USC00202015,METERS,-83.2377
184.4,2005-07-01,2019-10-05,42.3469,"DEARBORN NUMBER 2, MI US",1,GHCND:USC00202016,METERS,-83.1736
181.4,1900-08-01,2019-10-05,45.9983,"DETOUR VILLAGE, MI US",1,GHCND:USC00202094,METERS,-83.9013
266.7,1919-03-01,2010-12-31,42.6444,"DIMONDALE 1 WSW, MI US",1,GHCND:USC00202140,METERS,-84.6503
225.6,1953-06-01,2019-09-03,41.9856,"DOWAGIAC 1 W, MI US",1,GHCND:USC00202250,METERS,-86.132
313.9,1997-11-01,2002-03-31,42.95833,"DRYDEN 5 W, MI US",0.7742,GHCND:USC00202270,METERS,-83.22167
201.2,1994-04-01,2019-10-05,41.9552,"DUNDEE, MI US",1,GHCND:USC00202308,METERS,-83.6488
234.7,2003-03-01,2019-10-05,42.9269,"DURAND WWTP, MI US",1,GHCND:USC00202328,METERS,-83.9894
238,2006-09-01,2007-12-31,42.81611,"EAGLE 4 E, MI US",0.9375,GHCND:USC00202331,METERS,-84.7125
349.6,1998-07-01,2016-03-01,44.36694,"EAST HOUGHTON LAKE, MI US",0.7543,GHCND:USC00202376,METERS,-84.68917
178.3,1926-06-01,2018-05-31,45.1519,"EAST JORDAN, MI US",1,GHCND:USC00202381,METERS,-85.1322
268.2,1957-05-01,2011-05-01,42.67417,"EAST LANSING 4 S, MI US",1,GHCND:USC00202395,METERS,-84.485
178.6,1890-04-01,2019-10-05,44.2838,"EAST TAWAS, MI US",1,GHCND:USC00202423,METERS,-83.5036
182.9,2006-11-01,2012-03-04,42.4588,"EASTPOINTE, MI US",1,GHCND:USC00202427,METERS,-82.9438
265.2,1905-02-01,2019-10-05,42.5175,"EATON RAPIDS, MI US",1,GHCND:USC00202437,METERS,-84.653
256,1924-05-01,2014-04-30,42.0153,"EAU CLAIRE 4 NE, MI US",1,GHCND:USC00202445,METERS,-86.243
214,2008-06-01,2011-08-01,45.18056,"ELLSWORTH 2 ENE, MI US",1,GHCND:USC00202503,METERS,-85.19917
208.8,2009-11-01,2019-10-03,46.128,"ENGADINE MDOT, MI US",1,GHCND:USC00202598,METERS,-85.5696
179.2,1978-12-01,2010-12-31,43.6155,"ESSEXVILLE, MI US",1,GHCND:USC00202631,METERS,-83.845
219.5,2002-02-01,2019-10-05,42.4669,"FARMINGTON, MI US",1,GHCND:USC00202691,METERS,-83.3625
216.4,1990-04-01,2011-03-23,42.5939,"FENNVILLE 3 W, MI US",0.9991,GHCND:USC00202751,METERS,-86.1558
338.9,2002-10-01,2013-02-01,44.565,"FIFE LAKE 3 WSW, MI US",1,GHCND:USC00202788,METERS,-85.4133
193.5,1997-09-01,2019-10-05,43.9158,"FILION 5 NNW, MI US",1,GHCND:USC00202804,METERS,-83.083
207,1948-05-01,2019-10-04,43.0377,"FLINT 7 W, MI US",1,GHCND:USC00202851,METERS,-83.7694
193.5,2006-11-01,2019-10-05,43.3194,"FRANKENMUTH 1 SE, MI US",1,GHCND:USC00202955,METERS,-83.7161
289,1898-03-01,2019-08-31,44.648,"FRANKFORT 2 NE, MI US",1,GHCND:USC00202984,METERS,-86.21
243.8,2007-11-01,2019-10-05,43.4458,"FREMONT 4 WSW, MI US",1,GHCND:USC00203025,METERS,-86.0265
178.9,2008-06-01,2019-10-05,45.8983,"GARDEN CORNERS, MI US",1,GHCND:USC00203078,METERS,-86.5485
401.7,1893-01-01,2019-10-05,45.0332,"GAYLORD, MI US",1,GHCND:USC00203096,METERS,-84.7113
447.4,1998-08-01,2019-10-04,44.9072,"GAYLORD 9 SSW, MI US",1,GHCND:USC00203099,METERS,-84.7188
205.7,1990-04-01,2006-10-01,41.86861,"GLENDORA 1 SSW, MI US",0.1759,GHCND:USC00203183,METERS,-86.49417
272.5,2006-06-01,2019-10-05,44.5358,"GLENNIE 2 SE, MI US",1,GHCND:USC00203188,METERS,-83.7022
295.4,2004-08-01,2005-11-30,44.5519,"GLENNIE 6 W, MI US",0.5,GHCND:USC00203194,METERS,-83.8625
245.4,1948-07-01,2006-08-01,44.56167,"GLENNIE ALCONA DAM, MI US",0.0616,GHCND:USC00203199,METERS,-83.80306
225.9,2008-05-01,2018-05-19,45.8806,"GLADSTONE 4 NW, MI US",1,GHCND:USC00203268,METERS,-87.0911
218.5,2010-01-01,2019-10-05,45.8433,"GLADSTONE NUMBER 2, MI US",1,GHCND:USC00203270,METERS,-87.0391
277.4,2004-09-01,2019-10-05,42.9163,"GOODRICH, MI US",1,GHCND:USC00203278,METERS,-83.5097
184.4,1948-07-01,2019-10-02,43.0608,"GRAND HAVEN WASTEWATER PLANT, MI US",1,GHCND:USC00203295,METERS,-86.2047
243.8,1948-07-01,2019-09-28,42.7631,"GRAND LEDGE 1 NW, MI US",1,GHCND:USC00203306,METERS,-84.7622
178.6,1905-02-01,2019-10-05,42.96667,"GRAND RAPIDS SUTRON, MI US",0.4168,GHCND:USC00203327,METERS,-85.68333
346.6,1891-10-01,2019-08-31,44.6546,"GRAYLING, MI US",1,GHCND:USC00203391,METERS,-84.6998
205.7,2010-06-01,2019-10-05,46.4533,"GREEN GARDEN NUMBER 2, MI US",0.9855,GHCND:USC00203413,METERS,-87.3038
241.1,2009-08-01,2019-10-05,46.8736,"GREENLAND 6 N, MI US",1,GHCND:USC00203421,METERS,-89.1006
268.8,1912-08-01,2019-07-31,43.2025,"GREENVILLE 2 NNE, MI US",1,GHCND:USC00203429,METERS,-85.2422
186.8,1950-11-01,2019-10-05,42.4077,"GROSSE POINTE FARMS, MI US",1,GHCND:USC00203477,METERS,-82.8891
281.9,1929-04-01,2019-08-31,42.3941,"GULL LAKE BIOLOGICAL STATION, MI US",1,GHCND:USC00203504,METERS,-85.385
359.1,2008-07-01,2018-02-28,46.2643,"GWINN SHAG LAKE, MI US",1,GHCND:USC00203518,METERS,-87.5149
256.6,2002-02-01,2011-09-01,44.3127,"HALE 5 SSW, MI US",0.9991,GHCND:USC00203527,METERS,-83.8272
221.9,1913-04-01,2019-10-05,44.4633,"HALE LOUD DAM, MI US",1,GHCND:USC00203529,METERS,-83.7216
181.4,1899-07-01,2019-10-04,43.8322,"HARBOR BEACH 1 SSE, MI US",1,GHCND:USC00203585,METERS,-82.6427
178.3,1971-11-01,2019-10-04,44.6819,"HARRISVILLE 2 NNE, MI US",1,GHCND:USC00203628,METERS,-83.2808
234.7,1893-01-01,2019-10-01,43.6747,"HART, MI US",1,GHCND:USC00203632,METERS,-86.4238
195.1,2002-05-01,2019-10-04,46.4907,"HARVEY, MI US",1,GHCND:USC00203639,METERS,-87.3544
250.2,1893-01-01,2019-10-05,42.64208,"HASTINGS, MI US",1,GHCND:USC00203661,METERS,-85.28819
271.3,1994-04-01,2018-10-31,42.4344,"HELL, MI US",1,GHCND:USC00203712,METERS,-83.9858
523.3,1968-04-01,2019-10-05,46.6653,"HERMAN, MI US",1,GHCND:USC00203744,METERS,-88.3772
237.7,1894-08-01,2014-07-31,43.5908,"HESPERIA 4 WNW, MI US",1,GHCND:USC00203769,METERS,-86.1056
329.2,1891-09-01,2019-10-02,41.9352,"HILLSDALE, MI US",1,GHCND:USC00203823,METERS,-84.6411
188.1,1905-06-01,2019-10-05,42.7988,"HOLLAND, MI US",1,GHCND:USC00203858,METERS,-86.205
199.6,2003-01-01,2011-05-28,43.73,"HOPE 3 SW, MI US",1,GHCND:USC00203913,METERS,-84.3702
259.1,1993-11-01,2003-08-31,47.11667,"HOUGHTON MTU, MI US",0.9663,GHCND:USC00203917,METERS,-88.55
353.9,2000-05-01,2013-08-07,44.3122,"HOUGHTON LAKE 2 NW, MI US",1,GHCND:USC00203930,METERS,-84.7747
345.9,1912-12-01,2019-08-31,44.3119,"HOUGHTON LAKE 6 WSW, MI US",1,GHCND:USC00203932,METERS,-84.8922
279.5,1891-09-01,2014-10-31,42.59382,"HOWELL WWTP, MI US",1,GHCND:USC00203947,METERS,-83.93251
266.7,1973-11-01,2012-04-01,41.8483,"HUDSON 3 E, MI US",1,GHCND:USC00203969,METERS,-84.2938
245.4,1896-09-01,2013-10-31,42.953,"IONIA 2 SSW, MI US",1,GHCND:USC00204078,METERS,-85.0777
326.4,1899-02-01,2019-08-31,45.7858,"IRON MTN KINGSFORD WWTP, MI US",1,GHCND:USC00204090,METERS,-88.0841
435.9,1901-07-01,2019-10-05,46.4656,"IRONWOOD, MI US",1,GHCND:USC00204104,METERS,-90.1892
428.5,2007-04-01,2019-09-30,46.4911,"ISHPEMING WWTP, MI US",1,GHCND:USC00204130,METERS,-87.6894
198.1,2009-05-01,2019-10-05,47.0083,"JACOBSVILLE, MI US",0.9998,GHCND:USC00204161,METERS,-88.4318
315.5,1938-12-01,2019-10-04,44.728,"KALKASKA, MI US",1,GHCND:USC00204257,METERS,-85.1727
330.1,2006-06-01,2019-10-05,44.5897,"KALKASKA 11 SE, MI US",1,GHCND:USC00204258,METERS,-85.0486
256,1919-06-01,2019-10-04,43.1994,"KENT CITY 2 SW, MI US",1,GHCND:USC00204320,METERS,-85.7717
355.7,1907-06-01,2002-10-31,46.4863,"KENTON, MI US",0.6384,GHCND:USC00204328,METERS,-88.8916
330.7,2003-05-01,2011-04-30,44.5694,"KINGSLEY 2 WSW, MI US",1,GHCND:USC00204399,METERS,-85.5722
215.8,2002-06-01,2005-06-30,46.3075,"KINROSS 2 N, MI US",1,GHCND:USC00204419,METERS,-84.50861
374.9,1892-07-01,2019-10-04,44.3088,"LAKE CITY EXPERIMENTAL FARM, MI US",1,GHCND:USC00204502,METERS,-85.205
249.9,1948-07-01,2019-10-05,43.0608,"LAPEER WWTP, MI US",1,GHCND:USC00204655,METERS,-83.3074
255.1,2006-11-01,2019-10-05,43.058,"LAPEER 2 W, MI US",1,GHCND:USC00204659,METERS,-83.3605
271.3,1997-11-01,2002-11-30,43.00806,"LAPEER 4 SW, MI US",0.984,GHCND:USC00204662,METERS,-83.375
367.9,2008-05-01,2016-04-09,47.2376,"LAURIUM, MI US",1,GHCND:USC00204668,METERS,-88.4418
263,2002-01-01,2019-10-05,42.8133,"LINDEN WWTP, MI US",1,GHCND:USC00204793,METERS,-83.8038
268.2,2002-05-01,2005-11-01,43.7533,"LINWOOOD 7 W, MI US",0.9986,GHCND:USC00204797,METERS,-84.0936
189.6,2001-12-01,2019-10-05,43.263,"LEXINGTON WATER PLANT, MI US",1,GHCND:USC00204808,METERS,-82.5327
231.6,1915-02-01,2010-12-31,42.925,"LOWELL 2 SE, MI US",1,GHCND:USC00204939,METERS,-85.3427
195.1,1915-05-01,2019-10-03,42.9291,"LOWELL, MI US",1,GHCND:USC00204944,METERS,-85.3402
210.3,1896-10-01,2012-11-30,43.9066,"LUDINGTON, MI US",1,GHCND:USC00204954,METERS,-86.3942
276.8,1951-05-01,2019-10-04,44.4199,"LUPTON 1 S, MI US",1,GHCND:USC00204967,METERS,-84.0232
294.1,2001-12-01,2019-10-05,42.1508,"MANCHESTER, MI US",1,GHCND:USC00205050,METERS,-84.0236
204.2,1888-07-01,2019-08-31,44.2113,"MANISTEE 3 SE, MI US",1,GHCND:USC00205065,METERS,-86.2938
182.9,1896-01-01,2019-10-05,45.9512,"MANISTIQUE WWTP, MI US",1,GHCND:USC00205073,METERS,-86.2513
243.5,1959-04-01,2019-10-04,44.855,"MAPLE CITY, MI US",1,GHCND:USC00205097,METERS,-85.8352
249.9,1970-02-01,2014-07-21,43.3308,"MARLETTE, MI US",1,GHCND:USC00205168,METERS,-83.0663
276.5,2006-11-01,2010-06-30,44.6447,"MCKINLEY, MI US",1,GHCND:USC00205258,METERS,-83.9375
251.5,2009-01-01,2010-06-30,46.3023,"MCMILLAN 2 S, MI US",1,GHCND:USC00205276,METERS,-85.6888
180.1,2009-06-01,2019-10-03,45.111,"MENOMINEE NUMBER 2, MI US",0.9999,GHCND:USC00205382,METERS,-87.6117
203.6,2006-12-01,2015-09-30,43.4155,"MERRILL 1 N, MI US",0.8209,GHCND:USC00205390,METERS,-83.2894
521.2,2008-05-01,2019-10-05,46.5453,"MICHIGAMME 3 WNW, MI US",1,GHCND:USC00205406,METERS,-88.18
195.1,1970-10-01,2019-10-04,43.6088,"MIDLAND, MI US",1,GHCND:USC00205434,METERS,-84.2011
204.2,1984-08-01,2010-12-31,42.06639,"MILAN 4 ESE, MI US",1,GHCND:USC00205450,METERS,-83.61861
207.3,2003-12-01,2019-10-05,42.0811,"MILAN WWTP, MI US",1,GHCND:USC00205451,METERS,-83.6769
295.7,1928-01-01,2019-10-04,42.5794,"MILFORD GM PROVING GROUND, MI US",1,GHCND:USC00205452,METERS,-83.6844
249.9,1891-09-01,2019-09-22,43.2836,"MILLINGTON 3 SE, MI US",0.893,GHCND:USC00205488,METERS,-83.4791
292.6,1892-05-01,2010-12-31,44.6613,"MIO HYDRO PLANT, MI US",1,GHCND:USC00205531,METERS,-84.1316
316.1,2006-12-01,2019-10-05,44.6466,"MIO WWTP, MI US",1,GHCND:USC00205533,METERS,-84.1158
179.8,1917-03-01,2010-12-31,41.91389,"MONROE, MI US",1,GHCND:USC00205558,METERS,-83.39417
178.6,2003-03-01,2019-10-05,41.9069,"MONROE, MI US",1,GHCND:USC00205563,METERS,-83.4158
198.1,1893-02-01,2019-07-31,43.4614,"MONTAGUE 4 NW, MI US",1,GHCND:USC00205567,METERS,-86.4175
211.8,2003-04-01,2019-10-05,45.9902,"MORAN, MI US",1,GHCND:USC00205591,METERS,-84.8361
234.7,1973-11-01,2019-10-05,41.7216,"MORENCI, MI US",1,GHCND:USC00205603,METERS,-84.2147
242.3,1895-08-01,2019-08-31,43.5859,"CENTRAL MICHIGAN UNIVERSITY, MI US",1,GHCND:USC00205662,METERS,-84.7694
207.3,1911-05-01,2019-10-05,46.4121,"MUNISING, MI US",1,GHCND:USC00205690,METERS,-86.6625
173.7,1996-11-01,2016-06-30,42.6502,"NEW BALTIMORE 5 SW, MI US",1,GHCND:USC00205807,METERS,-82.8044
219.5,2007-10-01,2011-10-07,46.3724,"NEWBERRY 1 N, MI US",1,GHCND:USC00205810,METERS,-85.5089
270.1,1896-09-01,2019-10-01,46.3287,"NEWBERRY CORRECTIONAL FACILITY, MI US",1,GHCND:USC00205816,METERS,-85.5033
176.2,1998-06-01,2019-10-04,41.9497,"NEWPORT 4 SSE, MI US",1,GHCND:USC00205822,METERS,-83.28
198.1,1943-03-01,2019-10-04,41.8405,"NILES, MI US",1,GHCND:USC00205892,METERS,-86.2658
227.4,1987-06-01,2019-10-03,45.1322,"NORTHPORT 2 W, MI US",1,GHCND:USC00206007,METERS,-85.6472
249.9,1998-02-01,2019-10-05,44.883,"NW MICHIGAN RES FARM, MI US",1,GHCND:USC00206012,METERS,-85.6752
192,1994-04-01,2013-11-27,43.0975,"NUNICA 4 W, MI US",0.9991,GHCND:USC00206060,METERS,-86.0894
207.3,2005-05-01,2019-10-05,43.5816,"OIL CITY 2 S, MI US",0.6564,GHCND:USC00206080,METERS,-84.5888
199.9,1979-10-01,2019-10-04,44.9215,"OLD MISSION 3 SSW, MI US",1,GHCND:USC00206158,METERS,-85.5161
227.1,1928-05-01,2019-10-04,45.4108,"ONAWAY 4 N, MI US",1,GHCND:USC00206184,METERS,-84.2233
310.9,2010-08-01,2011-08-24,42.04,"ONSTED 2 NW, MI US",0.9223,GHCND:USC00206203,METERS,-84.2225
240.8,1977-10-01,2014-11-16,46.8343,"ONTONAGON 6 SE, MI US",1,GHCND:USC00206220,METERS,-89.2074
186.8,2007-07-01,2012-09-30,46.8374,"ONTONAGON 8 WSW, MI US",1,GHCND:USC00206228,METERS,-89.4833
222.5,1896-01-01,2019-10-05,43.0161,"OWOSSO WWTP, MI US",1,GHCND:USC00206300,METERS,-84.18
317,1978-11-01,2009-07-20,42.8094,"OXFORD, MI US",0.8835,GHCND:USC00206303,METERS,-83.2569
217,2002-01-01,2013-09-20,45.5719,"PELLSTON AIRPORT NUMBER 2, MI US",1,GHCND:USC00206442,METERS,-84.7858
182.6,1891-11-01,2019-10-05,45.3725,"PETOSKEY, MI US",1,GHCND:USC00206507,METERS,-84.9766
228,2007-11-01,2019-10-03,45.3613,"PETOSKEY NCMC, MI US",1,GHCND:USC00206510,METERS,-84.9512
191.7,2005-09-01,2019-10-04,46.1863,"PICKFORD 3 NE, MI US",1,GHCND:USC00206583,METERS,-84.3238
178.9,2001-11-01,2014-04-01,43.85667,"PINCONNING WWTP, MI US",1,GHCND:USC00206587,METERS,-83.95611
271.3,1894-06-01,2019-10-04,42.6388,"PONTIAC WWTP, MI US",1,GHCND:USC00206658,METERS,-83.2555
184.4,2001-08-01,2019-10-04,44.0469,"PORT AUSTIN WWTP, MI US",1,GHCND:USC00206662,METERS,-82.9702
182.9,1997-09-01,2014-08-31,43.9483,"PORT HOPE, MI US",1,GHCND:USC00206663,METERS,-82.7141
179.8,1933-07-01,2019-10-03,42.975,"PORT HURON, MI US",1,GHCND:USC00206680,METERS,-82.4194
219.5,1905-02-01,2019-10-05,42.8564,"PORTLAND, MI US",0.2849,GHCND:USC00206690,METERS,-84.9122
199.6,2004-09-01,2005-09-01,43.4855,"POSEYVILLE 4 SW, MI US",1,GHCND:USC00206720,METERS,-84.2922
182.3,2008-08-01,2019-09-10,45.8727,"RAPID RIVER 4 SSE, MI US",0.8839,GHCND:USC00206840,METERS,-86.9496
233.2,2001-04-01,2019-10-05,42.8783,"RICHMOND 4 NNW, MI US",1,GHCND:USC00206982,METERS,-82.7958
190.5,2011-01-01,2014-05-31,43.08333,"ROCKFORD 3 SW, MI US",1,GHCND:USC00207072,METERS,-85.59083
187.5,1979-01-01,2010-12-31,45.4169,"ROGERS CITY, MI US",1,GHCND:USC00207094,METERS,-83.8158
185,2009-07-01,2018-08-23,45.46477,"ROGERS CITY HOEFT SP, MI US",0.9998,GHCND:USC00207096,METERS,-83.88252
213.4,2000-12-01,2007-08-31,42.7794,"ROMEO, MI US",1,GHCND:USC00207103,METERS,-82.9391
202.7,2007-03-01,2007-06-30,42.205,"ROMULUS, MI US",1,GHCND:USC00207110,METERS,-83.40667
213.7,1998-03-01,2008-06-01,43.0341,"RUBY, MI US",0.9917,GHCND:USC00207180,METERS,-82.608
229.5,1978-08-01,2010-12-31,46.2963,"RUDYARD 4 N, MI US",1,GHCND:USC00207190,METERS,-84.5761
195.1,1997-08-01,2006-09-30,43.4099,"SAGINAW 9 W, MI US",0.9909,GHCND:USC00207220,METERS,-84.1316
182.9,1910-02-01,2019-10-05,43.4122,"SAGINAW NUMBER 3, MI US",1,GHCND:USC00207222,METERS,-83.9561
179.8,2008-09-01,2018-07-31,43.4172,"SAGINAW 5 W, MI US",1,GHCND:USC00207225,METERS,-84.0641
181.4,1973-12-01,2010-12-31,45.8488,"ST IGNACE MACKINAC B, MI US",1,GHCND:USC00207274,METERS,-84.7227
201.5,2009-11-01,2019-10-05,45.8608,"ST. IGNACE, MI US",1,GHCND:USC00207275,METERS,-84.7196
204.8,1905-08-01,2019-08-31,45.6911,"ST JAMES 4 SSW BEAVER ISLAND, MI US",1,GHCND:USC00207277,METERS,-85.5463
226.5,1894-03-01,2019-10-04,43.0113,"SAINT JOHNS, MI US",1,GHCND:USC00207280,METERS,-84.5541
228.6,1976-07-01,2019-10-02,42.1611,"SALINE WWTP, MI US",1,GHCND:USC00207308,METERS,-83.7819
256,2002-03-01,2019-10-05,42.1236,"SALINE 4 SW, MI US",1,GHCND:USC00207312,METERS,-83.8199
198.7,2004-12-01,2012-10-07,41.8069,"SAMARIA, MI US",1,GHCND:USC00207320,METERS,-83.583
199,2005-12-01,2006-09-30,46.9828,"SANDSTONE, MI US",1,GHCND:USC00207344,METERS,-88.4158
235.9,1909-01-01,2016-06-30,43.4194,"SANDUSKY, MI US",1,GHCND:USC00207350,METERS,-82.8191
192,1998-05-01,2019-10-05,46.4866,"SAULT STE MARIE, MI US",1,GHCND:USC00207364,METERS,-84.4089
203,2009-08-01,2019-10-05,43.9331,"SCOTTVILLE 2 SE, MI US",1,GHCND:USC00207407,METERS,-86.2453
178,1940-12-01,2010-12-31,43.73194,"SEBEWAING, MI US",1,GHCND:USC00207419,METERS,-83.45917
222.5,2002-05-01,2009-07-31,42.6844,"SHELBY 1 SSW, MI US",0.9996,GHCND:USC00207521,METERS,-83.0808
192,2008-09-01,2013-02-02,46.879,"SKANEE, MI US",0.9639,GHCND:USC00207580,METERS,-88.2184
318.8,2003-01-01,2017-03-31,44.6391,"SOUTH BOARDMAN 2 W, MI US",1,GHCND:USC00207684,METERS,-85.325
179.8,1895-09-01,2019-09-30,42.4014,"SOUTH HAVEN, MI US",1,GHCND:USC00207690,METERS,-86.2826
262.1,1953-08-01,2010-12-31,45.7019,"SPALDING 1 NW, MI US",1,GHCND:USC00207742,METERS,-87.5255
274.3,1990-04-01,2004-11-01,43.1175,"SPARTA PEACH RIDGE, MI US",0.125,GHCND:USC00207762,METERS,-85.75444
442,1922-09-01,2019-10-05,46.0555,"STAMBAUGH 2 SSE, MI US",1,GHCND:USC00207812,METERS,-88.6275
187.5,1895-03-01,2019-10-05,44.0126,"STANDISH 4 NE, MI US",1,GHCND:USC00207820,METERS,-83.8977
210.3,1938-11-01,2010-12-31,45.39028,"STEPHENSON 8 WNW, MI US",1,GHCND:USC00207867,METERS,-87.7025
179.8,1998-06-01,2019-08-24,42.0017,"STEVENSVILLE 1 SE, MI US",0.8488,GHCND:USC00207891,METERS,-86.5222
227.1,1968-10-01,2019-08-31,46.6013,"TAHQUAMENON FALLS STATE PARK, MI US",1,GHCND:USC00208043,METERS,-85.2238
237.7,1985-11-01,2019-10-05,42.0027,"TECUMSEH, MI US",1,GHCND:USC00208080,METERS,-83.9336
246.9,1895-09-01,2019-10-04,41.9299,"THREE RIVERS, MI US",1,GHCND:USC00208184,METERS,-85.6385
295.7,2001-07-01,2019-10-05,42.0283,"TIPTON 2 WNW, MI US",1,GHCND:USC00208202,METERS,-84.1108
193.5,2001-11-01,2019-10-05,44.7607,"TRAVERSE CITY MUNSON, MI US",1,GHCND:USC00208249,METERS,-85.6443
250.9,1948-07-01,2017-10-03,46.1796,"TROUT LAKE 1 SW, MI US",1,GHCND:USC00208293,METERS,-85.0311
367.6,2008-08-01,2013-09-06,46.88306,"TWIN LAKES, MI US",1,GHCND:USC00208345,METERS,-88.86083
275.8,1913-02-01,2019-10-04,45.1702,"VANDERBILT 11 ENE, MI US",1,GHCND:USC00208417,METERS,-84.4397
192,1963-04-01,2019-10-05,43.3656,"VASSAR, MI US",1,GHCND:USC00208443,METERS,-83.5828
258.2,2008-07-01,2014-04-01,42.1147,"VICKSBURG 1 NE, MI US",0.7859,GHCND:USC00208490,METERS,-85.4856
228.6,2010-01-01,2010-09-30,42.7256,"WASHINGTON TOWNSHIP, MI US",1,GHCND:USC00208653,METERS,-83.0394
484.6,1909-02-01,2014-02-01,46.2778,"WATERSMEET, MI US",1,GHCND:USC00208680,METERS,-89.1742
515.1,2010-01-01,2019-10-05,46.2231,"WATERSMEET 12 WSW, MI US",1,GHCND:USC00208682,METERS,-89.4085
424.9,2005-07-01,2019-10-05,46.52664,"WATTON 2 WSW, MI US",1,GHCND:USC00208706,METERS,-88.64243
198.1,1917-04-01,2019-10-05,44.2586,"WELLSTON TIPPY DAM, MI US",1,GHCND:USC00208772,METERS,-85.9394
235.6,1999-05-01,2019-10-05,44.2294,"WELLSTON 1 N, MI US",1,GHCND:USC00208774,METERS,-85.9572
271.3,2004-01-01,2018-08-31,42.5413,"WEST BLOOMFIELD, MI US",1,GHCND:USC00208779,METERS,-83.343
269.7,1900-03-01,2019-10-05,44.2541,"WEST BRANCH 3 SE, MI US",1,GHCND:USC00208800,METERS,-84.2011
207.9,1996-11-01,2003-12-31,43.48056,"WHEELER 7 NE, MI US",1,GHCND:USC00208869,METERS,-84.38861
263.7,1988-09-01,2012-04-01,43.5491,"WHITE CLOUD 9 E, MI US",1,GHCND:USC00208890,METERS,-85.5841
189.6,1900-03-01,2015-09-30,46.7475,"WHITEFISH POINT, MI US",1,GHCND:USC00208920,METERS,-84.9857
321,2000-04-01,2019-08-31,42.698,"WHITE LAKE 4 E, MI US",1,GHCND:USC00208941,METERS,-83.4716
276.1,2007-09-01,2019-10-05,42.4355,"WHITMORE LAKE 1 NW, MI US",1,GHCND:USC00208972,METERS,-83.783
272.8,1892-09-01,2010-12-31,42.7103,"WILLIAMSTON, MI US",1,GHCND:USC00209006,METERS,-84.2503
176.8,2004-08-01,2019-10-05,42.2011,"WYANDOTTE, MI US",1,GHCND:USC00209110,METERS,-83.1686
249.9,1926-09-01,2019-10-05,43.1447,"YALE 1 NNW, MI US",1,GHCND:USC00209188,METERS,-82.8011
253.6,2003-02-01,2019-10-05,43.8933,"BALDWIN MICHIGAN, MI US",1,GHCND:USR0000MBAL,METERS,-85.8506
289.9,2002-04-01,2019-10-05,44.8019,"BEAR MICHIGAN, MI US",0.9701,GHCND:USR0000MBRR,METERS,-86.0508
248.4,2002-05-01,2019-10-05,46.2536,"DOE LAKE MICHIGAN, MI US",0.9998,GHCND:USR0000MDOE,METERS,-86.7142
219.5,2002-04-01,2009-06-30,45.9536,"ELKHORN MICHIGAN, MI US",1,GHCND:USR0000MELK,METERS,-86.4053
320,2003-02-01,2019-10-05,44.6761,"MIO MICHIGAN, MI US",0.9749,GHCND:USR0000MMIO,METERS,-84.1283
274.3,2002-04-01,2019-10-05,46.25,"RACO MICHIGAN, MI US",0.994,GHCND:USR0000MRAC,METERS,-84.5833
221.3,2002-09-01,2019-10-05,46.2403,"SENEY MICHIGAN, MI US",0.9755,GHCND:USR0000MSEN,METERS,-85.9428
273.1,2002-10-01,2018-09-13,46.4578,"SPINCICH LAKE MICHIGAN, MI US",0.895,GHCND:USR0000MSPI,METERS,-85.6272
489.2,2003-04-01,2019-10-05,46.2689,"WATERSMEET MICHIGAN, MI US",0.9742,GHCND:USR0000MWAT,METERS,-89.17
213.4,2001-10-01,2019-10-05,47.9117,"WINDIGO MICHIGAN, MI US",0.8793,GHCND:USR0000MWDO,METERS,-89.1547
210,1996-07-01,2019-10-04,42.74611,"HOLLAND TULIP CITY AIRPORT, MI US",1,GHCND:USW00004839,METERS,-86.09667
242.6,1998-01-01,2019-10-02,41.86778,"ADRIAN LENAWEE CO AIRPORT, MI US",1,GHCND:USW00004847,METERS,-84.07944
406.9,1998-03-01,2019-10-04,45.01333,"GAYLORD OTSEGO CO AIRPORT, MI US",1,GHCND:USW00004854,METERS,-84.70139
178,1998-08-01,2004-09-21,45.95,"MANISTIQUE, MI US",0.9997,GHCND:USW00004856,METERS,-86.22972
176.8,1896-08-01,2019-08-31,42.6083,"MOUNT CLEMENS SELFRIDGE FIELD, MI US",1,GHCND:USW00014804,METERS,-82.8183
179.8,1948-01-01,2019-08-31,45.0605,"ALPENA WASTEWATER PLANT, MI US",1,GHCND:USW00014814,METERS,-83.428
282.9,1998-02-01,2019-10-04,42.3075,"BATTLE CREEK KELLOGG AIRPORT, MI US",1,GHCND:USW00014815,METERS,-85.25111
394.7,1948-05-01,2019-10-04,44.2655,"CADILLAC, MI US",1,GHCND:USW00014817,METERS,-85.3966
190.8,1948-01-01,2019-10-02,42.40917,"DETROIT CITY AIRPORT, MI US",1,GHCND:USW00014822,METERS,-83.01
180.1,1948-01-01,2019-10-05,45.7438,"ESCANABA, MI US",1,GHCND:USW00014824,METERS,-87.0406
234.7,1948-05-01,2019-10-04,42.9666,"FLINT FCWOS, MI US",1,GHCND:USW00014826,METERS,-83.7494
236.2,1892-12-01,2019-10-05,43.9758,"GLADWIN, MI US",1,GHCND:USW00014828,METERS,-84.4908
304.2,1948-05-01,2019-10-04,42.2667,"JACKSON REYNOLDS FIELD, MI US",1,GHCND:USW00014833,METERS,-84.4667
261.8,1948-01-01,2019-10-04,42.7761,"LANSING CAPITAL CITY AIRPORT, MI US",1,GHCND:USW00014836,METERS,-84.5997
186.8,1857-09-01,2019-10-05,46.5458,"MARQUETTE, MI US",1,GHCND:USW00014838,METERS,-87.3795
190.5,1896-06-01,2019-10-04,43.17111,"MUSKEGON CO AIRPORT, MI US",1,GHCND:USW00014840,METERS,-86.23667
214.9,1948-01-01,2019-10-04,45.5644,"PELLSTON REGIONAL AIRPORT, MI US",1,GHCND:USW00014841,METERS,-84.7927
201.2,1898-01-01,2019-10-04,43.53306,"SAGINAW MBS INTERNATIONAL AIRPORT, MI US",1,GHCND:USW00014845,METERS,-84.07972
220.1,1931-01-01,2019-10-04,46.4794,"SAULT STE MARIE SANDERSON FIELD, MI US",1,GHCND:USW00014847,METERS,-84.3572
188.4,1896-06-01,2019-10-04,44.74083,"TRAVERSE CITY CHERRY CAPITAL AIRPORT, MI US",1,GHCND:USW00014850,METERS,-85.5825
236.8,1948-01-01,2019-10-02,42.23333,"DETROIT WILLOW RUN AIRPORT, MI US",1,GHCND:USW00014853,METERS,-83.53333
333.8,1948-01-01,2019-10-02,47.16861,"HANCOCK HOUGHTON CO AIRPORT, MI US",1,GHCND:USW00014858,METERS,-88.48889
190.2,1940-01-01,2010-12-31,46.66667,"GRAND MARAIS, MI US",1,GHCND:USW00014859,METERS,-85.95
266.7,2004-11-01,2019-10-04,46.3345,"CHATHAM 1 SE, MI US",1,GHCND:USW00054810,METERS,-86.92
445.3,2007-09-01,2019-10-04,44.908,"GAYLORD 9 SSW, MI US",1,GHCND:USW00054854,METERS,-84.7203
350.8,1964-07-01,2019-10-04,44.3591,"HOUGHTON LAKE ROSCOMMON CO AIRPORT, MI US",1,GHCND:USW00094814,METERS,-84.6738
264.6,1998-01-01,2019-10-04,42.23472,"KALAMAZOO BATTLE CREEK INTERNATIONAL AIRPORT, MI US",1,GHCND:USW00094815,METERS,-85.55194
297.5,1998-08-01,2019-10-02,42.665,"PONTIAC OAKLAND CO INTERNATIONAL AIRPORT, MI US",1,GHCND:USW00094817,METERS,-83.41806
192.3,1942-08-01,2019-10-04,42.2313,"DETROIT METRO AIRPORT, MI US",1,GHCND:USW00094847,METERS,-83.3308
208.5,1916-10-01,2019-10-04,45.0716,"ALPENA CO REGIONAL AIRPORT, MI US",1,GHCND:USW00094849,METERS,-83.5644
431.3,1959-10-01,2019-10-04,46.5313,"MARQUETTE WEATHER SERVICE OFFICE AIRPORT, MI US",1,GHCND:USW00094850,METERS,-87.5491
244.8,1963-11-01,2019-10-04,42.8825,"GRAND RAPIDS GERALD R FORD INTERNATIONAL AIRPORT, MI US",1,GHCND:USW00094860,METERS,-85.52389
196,1996-07-01,2019-10-04,42.1256,"BENTON HARBOR, MI US",1,GHCND:USW00094871,METERS,-86.4284
255.7,1998-11-01,2019-10-02,42.22278,"ANN ARBOR MUNICIPAL AIRPORT, MI US",1,GHCND:USW00094889,METERS,-83.74444
350.2,1996-11-01,2019-10-01,45.81833,"IRON MOUNTAIN FORD AIRPORT, MI US",1,GHCND:USW00094893,METERS,-88.11444
179.8,1999-06-01,2019-10-02,44.02194,"PORT HOPE, MI US",1,GHCND:USW00094898,METERS,-82.79306
190.8,1998-08-01,2019-10-02,47.46667,"COPPER HARBOR, MI US",1,GHCND:USW00094899,METERS,-87.88333
446.2,1996-05-23,2019-10-06,44.90722,"GAYLORD, MI US",0.95,NEXRAD:KAPX,METERS,-84.71972
232.6,1995-01-05,2019-10-06,41.41306,"CLEVELAND, OH US",0.95,NEXRAD:KCLE,METERS,-81.86
435.3,1995-10-05,2019-10-06,46.83694,"DULUTH, MN US",0.95,NEXRAD:KDLH,METERS,-92.20972
326.7,1995-05-09,2019-10-06,42.69972,"DETROIT, MI US",0.95,NEXRAD:KDTX,METERS,-83.47167
207.9,1995-06-13,2019-10-06,44.49833,"GREEN BAY, WI US",0.95,NEXRAD:KGRB,METERS,-88.11111
237.1,1995-09-21,2019-10-06,42.89389,"GRAND RAPIDS, MI US",0.95,NEXRAD:KGRR,METERS,-85.54472
240.8,1995-04-24,2019-10-06,39.7075,"INDIANAPOLIS, IN US",0.95,NEXRAD:KIND,METERS,-86.28028
292.6,1997-12-09,2019-10-06,41.40861,"FORT WAYNE, IN US",0.95,NEXRAD:KIWX,METERS,-85.7
202.1,1995-04-13,2019-10-06,41.60444,"CHICAGO, IL US",0.95,NEXRAD:KLOT,METERS,-88.08472
292,1995-04-27,2019-10-06,42.96778,"MILWAUKEE, WI US",0.95,NEXRAD:KMKX,METERS,-88.55056
430.1,1995-10-16,2019-10-06,46.53111,"MARQUETTE, MI US",0.95,NEXRAD:KMQT,METERS,-87.54833
253.3,2009-01-01,2019-10-05,43.433,"FREMONT MUNICIPAL AIRPORT, MI US",1,WBAN:00140,METERS,-86
194.2,2009-04-06,2019-10-05,43.663,"JACK BARSTOW AIRPORT, MI US",1,WBAN:00216,METERS,-84.261
182.9,2005-01-01,2019-10-05,43.43333,"SAGINAW HARRY W BROWNE AIRPORT, MI US",1,WBAN:04829,METERS,-83.86667
210,2005-01-01,2019-10-05,42.74611,"HOLLAND TULIP CITY AIRPORT, MI US",1,WBAN:04839,METERS,-86.09667
242.6,2005-01-01,2019-10-05,41.86778,"ADRIAN LENAWEE CO AIRPORT, MI US",1,WBAN:04847,METERS,-84.07944
406.9,1999-09-01,2019-10-05,45.01333,"GAYLORD OTSEGO CO AIRPORT, MI US",1,WBAN:04854,METERS,-84.70139
178,1998-09-02,2004-12-31,45.95,"MANISTIQUE, MI US",0.97,WBAN:04856,METERS,-86.22972
189,2005-01-01,2019-10-05,44.98639,"BELLAIRE ANTRIM CO AIRPORT, MI US",1,WBAN:04863,METERS,-85.20306
243.5,2005-01-01,2019-10-05,46.25,"CHIPPEWA INTERNATIONAL AIRPORT, MI US",1,WBAN:04869,METERS,-84.46667
196.9,2005-01-01,2019-10-05,45.30472,"CHARLEVOIX MUNICIPAL AIRPORT, MI US",1,WBAN:04870,METERS,-85.27472
203.9,2005-01-01,2019-10-05,41.73583,"LAMBERTVILLE TOLEDO SUBURBAN AIRPORT, MI US",1,WBAN:04872,METERS,-83.65528
281.3,2005-01-01,2019-10-05,46.31111,"NEWBERRY LUCE CO AIRPORT, MI US",1,WBAN:04874,METERS,-85.45722
267.6,2005-01-01,2019-10-05,42.57444,"CHARLOTTE FITCH H BEACH AIRPORT, MI US",1,WBAN:04877,METERS,-84.81139
350.2,2005-01-01,2019-10-05,44.68028,"GRAYLING ARMY AIR FIELD AIRPORT, MI US",1,WBAN:04878,METERS,-84.72861
209.1,2005-01-01,2019-10-05,45.98333,"MANISTIQUE SCHOOLCRAFT CO AIRPORT, MI US",1,WBAN:04881,METERS,-86.18333
360.3,2005-01-01,2019-10-05,41.92111,"HILLSDALE MUNICIPAL AIRPORT, MI US",1,WBAN:04882,METERS,-84.58556
195.1,2005-01-01,2019-10-05,43.9625,"LUDINGTON MASON CO AIRPORT, MI US",1,WBAN:04883,METERS,-86.40778
206.3,2005-01-01,2019-10-05,45.42556,"HARBOR SPRINGS AIRPORT, MI US",1,WBAN:04884,METERS,-84.91333
230.1,2005-01-01,2019-10-05,43.62167,"MOUNT PLEASANT MUNICIPAL AIRPORT, MI US",1,WBAN:04885,METERS,-84.73722
292.3,2005-01-01,2019-10-05,41.93333,"COLDWATER BRANCH CO MEMORIAL AIRPORT, MI US",1,WBAN:04886,METERS,-85.0525
287.7,2005-01-01,2019-10-05,42.62944,"HOWELL LIVINGSTON CO AIRPORT, MI US",1,WBAN:04887,METERS,-83.98417
195.1,2005-01-01,2019-10-05,42.91083,"PORT HURON ST CLAIR CO INTERNATIONAL AIRPORT, MI US",1,WBAN:04888,METERS,-82.52861
203,2005-01-01,2019-10-05,45.68889,"BEAVER ISLAND AIRPORT, MI US",1,WBAN:04892,METERS,-85.56611
193.5,2005-01-01,2019-10-05,45.65361,"CHEBOYGAN CO AIRPORT, MI US",1,WBAN:04893,METERS,-84.51917
176.8,1936-12-01,2019-10-05,42.6083,"MOUNT CLEMENS SELFRIDGE FIELD, MI US",1,WBAN:14804,METERS,-82.8183
192.9,1943-07-01,2019-10-05,44.45,"OSCODA WURTSMITH AIRPORT, MI US",1,WBAN:14808,METERS,-83.4
282.9,1942-10-01,2019-10-05,42.3075,"BATTLE CREEK KELLOGG AIRPORT, MI US",0.76,WBAN:14815,METERS,-85.25111
397.8,1948-12-01,2019-10-05,44.28333,"CADILLAC WEXFORD CO AIRPORT, MI US",0.94,WBAN:14817,METERS,-85.41667
190.8,1948-01-01,2019-10-05,42.40917,"DETROIT CITY AIRPORT, MI US",1,WBAN:14822,METERS,-83.01
234.7,1948-12-01,2019-10-05,42.9666,"FLINT FCWOS, MI US",1,WBAN:14826,METERS,-83.7494
304.2,1949-01-01,2019-10-05,42.2667,"JACKSON REYNOLDS FIELD, MI US",0.9,WBAN:14833,METERS,-84.4667
261.8,1948-01-01,2019-10-05,42.7761,"LANSING CAPITAL CITY AIRPORT, MI US",1,WBAN:14836,METERS,-84.5997
190.5,1948-01-01,2019-10-05,43.17111,"MUSKEGON CO AIRPORT, MI US",1,WBAN:14840,METERS,-86.23667
214.9,1948-01-01,2019-10-05,45.5644,"PELLSTON REGIONAL AIRPORT, MI US",0.99,WBAN:14841,METERS,-84.7927
201.2,1948-12-01,2019-10-05,43.53306,"SAGINAW MBS INTERNATIONAL AIRPORT, MI US",1,WBAN:14845,METERS,-84.07972
220.1,1948-01-01,2019-10-05,46.4794,"SAULT STE MARIE SANDERSON FIELD, MI US",1,WBAN:14847,METERS,-84.3572
188.4,1948-12-01,2019-10-05,44.74083,"TRAVERSE CITY CHERRY CAPITAL AIRPORT, MI US",1,WBAN:14850,METERS,-85.5825
236.8,1948-01-01,2019-10-05,42.23333,"DETROIT WILLOW RUN AIRPORT, MI US",0.97,WBAN:14853,METERS,-83.53333
333.8,1948-01-01,2019-10-05,47.16861,"HANCOCK HOUGHTON CO AIRPORT, MI US",1,WBAN:14858,METERS,-88.48889
282.9,2005-01-01,2019-10-05,43.71667,"BIG RAPIDS ROBEN HOOD AIRPORT, MI US",1,WBAN:14864,METERS,-85.5
266.7,2004-11-10,2019-09-20,46.3345,"CHATHAM 1 SE, MI US",1,WBAN:54810,METERS,-86.92
227.7,2005-08-17,2019-10-05,43.32222,"ALMA GRATIOT COMMUNITY AIRPORT, MI US",1,WBAN:54816,METERS,-84.68806
233.5,2005-01-01,2019-10-05,43.78028,"BAD AXE HURON CO MEMORIAL AIRPORT, MI US",1,WBAN:54817,METERS,-82.98556
192.6,2005-11-01,2019-10-05,44.62556,"FRANKFORT DOW MEMORIAL FIELD AIRPORT, MI US",1,WBAN:54818,METERS,-86.20083
178.9,2005-01-01,2019-10-05,42.09861,"GROSSE ILE MUNICIPAL AIRPORT, MI US",1,WBAN:54819,METERS,-83.16111
225.6,2005-01-01,2019-10-05,45.865,"MACKINAC ISLAND AIRPORT, MI US",1,WBAN:54820,METERS,-84.63722
286.8,2005-01-01,2019-10-05,42.25111,"MARSHALL BROOKS FIELD AIRPORT, MI US",1,WBAN:54821,METERS,-84.95556
281,2005-01-01,2019-10-05,42.56583,"MASON JEWETT FIELD AIRPORT, MI US",1,WBAN:54822,METERS,-84.43306
186.5,2005-04-25,2019-10-05,41.94,"MONROE CUSTER AIRPORT, MI US",1,WBAN:54823,METERS,-83.43472
224.3,2005-01-01,2019-10-05,42.99306,"OWOSSO COMMUNITY AIRPORT, MI US",1,WBAN:54824,METERS,-84.13889
204.2,2005-11-01,2019-10-05,45.40722,"ROGERS CITY PRESQUE ISLE CO AIRPORT, MI US",1,WBAN:54825,METERS,-83.81306
203,2005-11-01,2019-10-05,42.35083,"SOUTH HAVEN AREA REGIONAL AIRPORT, MI US",1,WBAN:54826,METERS,-86.25611
281.9,2005-01-01,2019-10-05,41.81667,"STURGIS KIRSCH MUNICIPAL AIRPORT, MI US",1,WBAN:54827,METERS,-85.43333
213.7,2005-02-01,2019-10-05,43.45889,"CARO TUSCOLA AREA AIRPORT, MI US",1,WBAN:54828,METERS,-83.44556
218.2,2005-01-01,2019-10-05,42.54306,"OAKLAND TROY AIRPORT, MI US",1,WBAN:54829,METERS,-83.17806
202.7,2006-08-31,2019-10-05,46.00722,"DRUMMOND ISLAND AIRPORT, MI US",1,WBAN:54844,METERS,-83.74278
251.2,2006-10-24,2019-10-05,41.95972,"THREE RIVERS MUNICIPAL DR HAINES AIRPORT, MI US",1,WBAN:54850,METERS,-85.59333
445.3,2007-09-19,2019-09-20,44.908,"GAYLORD 9 SSW, MI US",1,WBAN:54854,METERS,-84.7203
350.8,1964-04-20,2019-10-05,44.3591,"HOUGHTON LAKE ROSCOMMON CO AIRPORT, MI US",1,WBAN:94814,METERS,-84.6738
264.6,2005-01-01,2019-10-05,42.23472,"KALAMAZOO BATTLE CREEK INTERNATIONAL AIRPORT, MI US",1,WBAN:94815,METERS,-85.55194
297.5,2005-01-01,2019-10-05,42.665,"PONTIAC OAKLAND CO INTERNATIONAL AIRPORT, MI US",1,WBAN:94817,METERS,-83.41806
372.2,2005-01-01,2019-10-05,46.35,"GWINN K I SAWYER AFB, MI US",1,WBAN:94836,METERS,-87.4
192.3,1942-08-01,2019-10-05,42.2313,"DETROIT METRO AIRPORT, MI US",1,WBAN:94847,METERS,-83.3308
208.5,1959-09-01,2019-10-05,45.0716,"ALPENA CO REGIONAL AIRPORT, MI US",1,WBAN:94849,METERS,-83.5644
431.3,1973-01-01,2019-10-05,46.5313,"MARQUETTE WEATHER SERVICE OFFICE AIRPORT, MI US",0.49,WBAN:94850,METERS,-87.5491
181.1,2005-01-01,2019-10-05,45.73333,"ESCANABA DELTA CO AIRPORT, MI US",1,WBAN:94853,METERS,-87.08333
244.8,1963-12-01,2019-10-05,42.8825,"GRAND RAPIDS GERALD R FORD INTERNATIONAL AIRPORT, MI US",1,WBAN:94860,METERS,-85.52389
196,2005-01-01,2019-10-05,42.1256,"BENTON HARBOR, MI US",1,WBAN:94871,METERS,-86.4284
255.7,2005-01-01,2019-10-05,42.22278,"ANN ARBOR MUNICIPAL AIRPORT, MI US",1,WBAN:94889,METERS,-83.74444
350.2,2005-01-01,2019-10-05,45.81833,"IRON MOUNTAIN FORD AIRPORT, MI US",1,WBAN:94893,METERS,-88.11444
189.3,2005-01-01,2019-10-05,44.26667,"MANISTEE CO BLACKER AIRPORT, MI US",1,WBAN:94894,METERS,-86.25
190.5,2005-01-01,2019-10-05,45.11667,"MENOMINEE, MI US",1,WBAN:94896,METERS,-87.63333
179.8,2005-01-01,2019-10-05,44.02194,"PORT HOPE, MI US",0.99,WBAN:94898,METERS,-82.79306
190.8,2005-01-01,2019-10-05,47.46667,"COPPER HARBOR, MI US",1,WBAN:94899,METERS,-87.88333
374.9,2005-01-01,2019-10-05,46.53333,"IRONWOOD, MI US",1,WBAN:94926,METERS,-90.13333
