metadata__resultset__offset,metadata__resultset__count,metadata__resultset__limit,results__elevation,results__mindate,results__maxdate,results__latitude,results__name,results__datacoverage,results__id,results__elevationUnit,results__longitude
1,848,1000,326.4,1/1/1931,11/1/2015,45.7858,"IRON MTN KINGSFORD WWTP, MI US",0.9843,COOP:204090,METERS,-88.0841
,,,206.3,7/1/1948,11/1/2015,44.6103,"RED WING DAM 3, MN US",0.9777,COOP:216822,METERS,-92.6101
,,,226.2,7/1/1987,11/1/2015,42.6475,"AFTON, WI US",0.997,COOP:470045,METERS,-89.0644
,,,291.4,2/1/2007,11/1/2015,43.42278,"ALLENTON, WI US",1,COOP:470080,METERS,-88.35194
,,,204.2,1/1/1937,11/1/2015,44.3271,"ALMA DAM 4, WI US",0.9726,COOP:470124,METERS,-91.9194
,,,326.1,1/1/1931,11/1/2015,45.301,"AMERY, WI US",0.9971,COOP:470175,METERS,-92.363
,,,463,1/1/1931,11/1/2015,45.16043,"ANTIGO, WI US",0.9667,COOP:470239,METERS,-89.11304
,,,241.4,1/1/1931,11/1/2015,44.27703,"APPLETON, WI US",0.9853,COOP:470265,METERS,-88.43772
,,,263.7,10/1/1971,11/1/2015,43.0411,"ARBORETUM UNIVERSITY WIS, WI US",0.9924,COOP:470273,METERS,-89.4286
,,,242.3,3/1/2001,11/1/2015,42.6995,"ARGYLE, WI US",0.6327,COOP:470287,METERS,-89.8694
,,,329.2,6/1/1962,11/1/2015,43.3008,"ARLINGTON UNIVERSITY FARM, WI US",0.9953,COOP:470308,METERS,-89.3269
,,,251.8,7/1/1998,11/1/2015,46.5522,"ASHLAND 3 S, WI US",0.9712,COOP:470347,METERS,-90.9161
,,,198.1,1/1/1931,1/1/2014,46.583,"ASHLAND EXPERIMENTAL FARM, WI US",0.9978,COOP:470349,METERS,-90.9678
,,,292.6,3/1/2003,11/1/2015,44.6825,"AUGUSTA RANGER STATION, WI US",0.9867,COOP:470382,METERS,-91.1357
,,,297.2,8/1/1948,11/1/2015,44.3077,"BABCOCK 1 WNW, WI US",0.3057,COOP:470456,METERS,-90.1313
,,,335.3,1/1/1948,11/1/2015,44.9633,"BALDWIN, WI US",0.9558,COOP:470486,METERS,-92.3905
,,,250.9,9/1/1939,11/1/2015,43.4583,"BARABOO, WI US",0.9858,COOP:470516,METERS,-89.7269
,,,249.9,5/1/1938,4/1/2005,46.88333,"BAYFIELD 6 N, WI US",0.9838,COOP:470603,METERS,-90.81667
,,,256,8/1/1948,11/1/2015,43.4447,"BEAVER DAM, WI US",0.9666,COOP:470645,METERS,-88.8477
,,,210.9,10/1/2009,11/1/2015,43.5136,"BELGIUM WWTP, WI US",0.9867,COOP:470652,METERS,-87.8547
,,,237.7,1/1/1931,11/1/2015,42.5038,"BELOIT, WI US",0.9824,COOP:470696,METERS,-89.0311
,,,233.5,11/1/2004,11/1/2015,43.99,"BERLIN WWTP, WI US",1,COOP:470742,METERS,-88.9411
,,,367.3,2/1/1956,11/1/2015,45.5556,"BIG FALLS HYDRO, WI US",0.9973,COOP:470773,METERS,-90.9592
,,,246.9,8/1/1948,11/1/2015,44.2903,"BLACK RIVER FALLS SEWAGE, WI US",0.38,COOP:470855,METERS,-90.8538
,,,260.6,1/1/1931,7/1/2009,44.2905,"BLAIR, WI US",0.9926,COOP:470882,METERS,-91.23
,,,261.2,10/1/2009,12/1/2012,44.3125,"BLAIR 2 NW, WI US",0.8455,COOP:470885,METERS,-91.26528
,,,253,9/1/1948,1/1/2014,42.8169,"BLANCHARDVILLE, WI US",0.0382,COOP:470890,METERS,-89.8627
,,,253.9,4/1/1953,12/1/2014,42.8122,"BLANCHARDVILLE NUMBER 2, WI US",0.9622,COOP:470892,METERS,-89.8622
,,,301.8,8/1/1944,11/1/2015,45.0907,"BLOOMER, WI US",0.9836,COOP:470904,METERS,-91.4864
,,,320,7/1/1962,12/1/2002,42.95111,"BLUE MOUNDS 6 SSE, WI US",0.9834,COOP:470929,METERS,-89.79028
,,,329.2,8/1/1948,6/1/2003,44.85583,"BOWLER, WI US",0.9758,COOP:470991,METERS,-88.98889
,,,251.2,2/1/2007,11/1/2015,43.0519,"BROOKFIELD, WI US",0.991,COOP:471062,METERS,-88.1775
,,,246.9,1/1/1931,11/1/2015,44.1613,"BRILLION, WI US",0.9755,COOP:471064,METERS,-88.0802
,,,240.8,1/1/1931,11/1/2015,42.6333,"BRODHEAD, WI US",0.9882,COOP:471078,METERS,-89.3866
,,,304.8,2/1/1940,11/1/2015,46.5378,"BRULE RANGER STATION, WI US",0.944,COOP:471131,METERS,-91.5919
,,,504.7,1/1/1946,12/1/2010,46.03,"BUCKATABON, WI US",0.9923,COOP:471155,METERS,-89.30861
,,,228.9,12/1/1945,11/1/2015,42.6508,"BURLINGTON, WI US",0.956,COOP:471205,METERS,-88.2544
,,,233.2,1/1/2011,12/1/2011,42.67972,"BURLINGTON RIVER GA, WI US",1,COOP:471208,METERS,-88.27111
,,,478.5,11/1/1997,11/1/2015,45.9808,"BUTTERNUT 3 SW, WI US",0.9494,COOP:471249,METERS,-90.5416
,,,417.6,5/1/1949,12/1/2012,43.7446,"CASHTON, WI US",0.8102,COOP:471280,METERS,-90.7783
,,,239.9,10/1/2008,12/1/2014,43.295,"CEDARBURG 1 E, WI US",0.9999,COOP:471304,METERS,-87.9725
,,,251.5,6/1/1948,11/1/2015,44.9355,"CEDAR FALLS HYDRO PLANT, WI US",0.9864,COOP:471308,METERS,-91.8885
,,,277.4,8/1/1959,11/1/2015,43.0596,"CHARMANY FARM, WI US",0.9349,COOP:471416,METERS,-89.4819
,,,256,9/1/1944,11/1/2015,44.03279,"CHILTON, WI US",0.993,COOP:471568,METERS,-88.14683
,,,249.9,8/1/1948,11/1/2015,44.9277,"CHIPPEWA FALLS, WI US",0.2537,COOP:471578,METERS,-91.4081
,,,456.6,8/1/2009,11/1/2015,46.16944,"CLAM LAKE 4 W, WI US",1,COOP:471604,METERS,-90.98083
,,,185,9/1/2008,11/1/2015,43.7186,"CITY OF SHEBOYGAN WWTP, WI US",1,COOP:471605,METERS,-87.7088
,,,419.7,8/1/1998,11/1/2008,46.0464,"CLAM LAKE 10 SW, WI US",0.8869,COOP:471618,METERS,-91.0703
,,,292.6,2/1/1940,11/1/2015,42.5491,"CLINTON, WI US",0.9341,COOP:471667,METERS,-88.8752
,,,244.4,8/1/1948,11/1/2015,44.6227,"CLINTONVILLE, WI US",0.9716,COOP:471676,METERS,-88.7483
,,,274.9,10/1/2007,11/1/2015,43.3125,"CLYMAN, WI US",0.9898,COOP:471681,METERS,-88.7197
,,,264,11/1/2003,12/1/2009,43.0769,"COTTAGE GROVE, WI US",0.9997,COOP:471840,METERS,-89.1911
,,,396.2,8/1/1948,11/1/2015,45.8003,"COUDERAY 7 W, WI US",0.9196,COOP:471847,METERS,-91.4594
,,,289.6,1/1/1931,11/1/2015,45.35807,"CRIVITZ HIGH FALLS, WI US",0.9588,COOP:471897,METERS,-88.19222
,,,296.6,1/1/1931,11/1/2015,42.6001,"CUBA CITY, WI US",0.4298,COOP:471913,METERS,-90.4237
,,,378,12/1/1931,11/1/2015,45.5331,"CUMBERLAND, WI US",0.995,COOP:471923,METERS,-92.0226
,,,262.1,8/1/1944,10/1/2007,43.6561,"DALTON, WI US",0.9829,COOP:471970,METERS,-89.2027
,,,289.6,1/1/1931,12/1/2010,46.0087,"DANBURY, WI US",0.9927,COOP:471978,METERS,-92.3735
,,,283.5,1/1/1931,11/1/2015,42.678,"DARLINGTON, WI US",0.8675,COOP:472001,METERS,-90.1063
,,,280.7,1/1/2011,11/1/2015,42.6344,"WALWORTH CO METRO SEWERAGE DIST, WI US",0.9157,COOP:472051,METERS,-88.6628
,,,247.2,7/1/2007,11/1/2015,44.3514,"DENMARK WWTP, WI US",0.9997,COOP:472055,METERS,-87.812
,,,208.8,8/1/1945,11/1/2015,44.133,"DODGE, WI US",0.8354,COOP:472165,METERS,-91.5511
,,,338.3,5/1/1939,11/1/2015,42.9608,"DODGEVILLE, WI US",0.9379,COOP:472173,METERS,-90.1161
,,,408.4,8/1/1948,10/1/2005,46.33333,"DRUMMOND, WI US",0.6667,COOP:472240,METERS,-91.26667
,,,214.9,3/1/1948,11/1/2015,44.6197,"DURAND, WI US",0.4145,COOP:472279,METERS,-91.9795
,,,494.7,1/1/1947,11/1/2015,45.9169,"EAGLE RIVER, WI US",0.948,COOP:472314,METERS,-89.2563
,,,256,10/1/2001,2/1/2003,42.79806,"EAST TROY AIRPORT, WI US",1,COOP:472412,METERS,-88.38028
,,,254.2,3/1/2008,12/1/2010,42.7844,"EAST TROY, WI US",0.9695,COOP:472413,METERS,-88.3955
,,,268.2,2/1/2000,11/1/2015,44.7878,"EAU CLAIRE 3 SW, WI US",0.9949,COOP:472425,METERS,-91.5165
,,,269.7,9/1/1949,11/1/2015,44.8665,"CHIPPEWA VALLEY REGIONAL AIRPORT, WI US",0.8829,COOP:472428,METERS,-91.4879
,,,356.6,1/1/1947,11/1/2015,44.7722,"EAU PLEINE RESERVOIR, WI US",0.965,COOP:472447,METERS,-89.76745
,,,313.9,8/1/1944,11/1/2015,44.7303,"ELLSWORTH 1 E, WI US",0.9405,COOP:472556,METERS,-92.4586
,,,223.4,6/1/2008,11/1/2015,45.17079,"EPHRAIM 1NE WWTP, WI US",1,COOP:472626,METERS,-87.15377
,,,329.2,11/1/1939,8/1/2002,44.6,"FAIRCHILD RANGER STATION, WI US",0.9801,COOP:472678,METERS,-90.96667
,,,396.2,12/1/1997,11/1/2015,45.93364,"FLORENCE, WI US",0.9954,COOP:472826,METERS,-88.25828
,,,246,10/1/2009,11/1/2015,43.76944,"FOND DU LAC CO AIRPORT, WI US",0.9688,COOP:472836,METERS,-88.49083
,,,231.6,1/1/1931,11/1/2015,43.7952,"FOND DU LAC, WI US",0.9882,COOP:472839,METERS,-88.4533
,,,242.3,1/1/2010,11/1/2015,43.7666,"FOND DU LAC 2 SW, WI US",1,COOP:472842,METERS,-88.4669
,,,210.3,9/1/2002,11/1/2015,44.6998,"FORESTVILLE 4E, WI US",1,COOP:472851,METERS,-87.39693
,,,243.8,9/1/1941,11/1/2015,42.905,"FORT ATKINSON, WI US",0.9877,COOP:472869,METERS,-88.8588
,,,284.1,12/1/1963,11/1/2015,46.4856,"FOXBORO, WI US",0.984,COOP:472889,METERS,-92.2875
,,,288,8/1/1948,11/1/2015,43.975,"FRIENDSHIP, WI US",0.2302,COOP:472973,METERS,-89.8309
,,,245.4,12/1/2009,12/1/2014,44.0949,"GALESVILLE 2 ESE, WI US",0.9998,COOP:472992,METERS,-91.2922
,,,233.2,8/1/1938,10/1/2009,44.0757,"GALESVILLE 1 S, WI US",0.9859,COOP:472996,METERS,-91.341
,,,210,4/1/1981,11/1/2015,43.3145,"GAYS MILLS, WI US",0.8534,COOP:473022,METERS,-90.8486
,,,194.8,11/1/1936,11/1/2015,43.5705,"GENOA DAM 8, WI US",0.9906,COOP:473038,METERS,-91.2295
,,,259.1,2/1/2000,11/1/2008,42.5,"GENOA CITY, WI US",0.9812,COOP:473040,METERS,-88.3786
,,,259.1,6/1/1944,11/1/2015,43.2388,"GERMANTOWN, WI US",0.9942,COOP:473058,METERS,-88.1222
,,,221.6,7/1/2001,11/1/2015,43.6561,"GIBBSVILLE, WI US",0.8554,COOP:473116,METERS,-87.8144
,,,441.4,10/1/1959,12/1/2010,45.62139,"GOODMAN SANITARY DISTRICT, WI US",0.9804,COOP:473174,METERS,-88.36028
,,,423.7,1/1/1945,12/1/2010,45.149,"GOODRICH 1 E, WI US",0.9836,COOP:473182,METERS,-90.0668
,,,317,9/1/1951,11/1/2015,46.245,"GORDON, WI US",0.9883,COOP:473186,METERS,-91.8047
,,,225.9,4/1/2009,11/1/2015,43.308,"GRAFTON WWTP, WI US",1,COOP:473198,METERS,-87.9552
,,,301.8,7/1/1950,11/1/2015,45.7728,"GRANTSBURG, WI US",0.9847,COOP:473244,METERS,-92.6886
,,,207.9,12/1/2003,11/1/2015,44.49824,"GREEN BAY WEATHER FORECAST OFFICE, WI US",0.9929,COOP:473268,METERS,-88.11205
,,,209.4,1/1/1948,11/1/2015,44.4794,"GREEN BAY A S INTERNATIONAL AIRPORT, WI US",0.9767,COOP:473269,METERS,-88.1366
,,,211.5,12/1/1999,11/1/2015,44.533,"GREEN BAY BOTANICAL, WI US",1,COOP:473271,METERS,-88.098
,,,355.1,7/1/1952,11/1/2015,46.4859,"GURNEY, WI US",0.9816,COOP:473332,METERS,-90.4373
,,,218.8,10/1/2004,11/1/2015,42.9375,"HALES CORNERS WHITNALL PK, WI US",1,COOP:473391,METERS,-88.0297
,,,332.8,1/1/1931,11/1/2015,44.11869,"HANCOCK EXPERIMENTAL FARM, WI US",0.9941,COOP:473405,METERS,-89.53587
,,,298.7,8/1/1948,11/1/2015,43.3311,"HARTFORD 2 W, WI US",0.9542,COOP:473453,METERS,-88.4113
,,,271.9,1/1/1931,4/1/2009,44.4169,"HATFIELD, WI US",0.8713,COOP:473471,METERS,-90.7314
,,,365.8,1/1/1948,11/1/2015,46.0002,"HAYWARD RANGER STATION, WI US",0.9706,COOP:473511,METERS,-91.5074
,,,509.9,1/1/1999,11/1/2015,45.67347,"ARGONNE 1.5 NW, WI US",0.9706,COOP:473636,METERS,-88.90426
,,,301.8,11/1/2010,12/1/2011,43.64667,"HILLSBORO 1 SW, WI US",1,COOP:473651,METERS,-90.3525
,,,286.5,8/1/1948,9/1/2010,43.6541,"HILLSBORO, WI US",0.8593,COOP:473654,METERS,-90.3339
,,,237.1,7/1/2001,11/1/2015,43.6408,"HINGHAM, WI US",0.9942,COOP:473661,METERS,-87.905
,,,266.1,1/1/2003,2/1/2006,44.63056,"HOFA PARK, WI US",1,COOP:473680,METERS,-88.32722
,,,322.2,1/1/1931,11/1/2015,45.2237,"HOLCOMBE, WI US",0.9932,COOP:473698,METERS,-91.127
,,,294.1,11/1/2007,11/1/2015,43.2422,"HOLY HILL 2 E, WI US",1,COOP:473702,METERS,-88.2888
,,,268.2,11/1/1970,11/1/2015,43.4406,"HORICON, WI US",1,COOP:473756,METERS,-88.6325
,,,440.1,6/1/1987,11/1/2015,46.4625,"HURLEY, WI US",0.9736,COOP:473800,METERS,-90.1955
,,,263.3,11/1/2005,11/1/2015,43.34,"HUSTISFORD WWTP, WI US",1,COOP:473820,METERS,-88.6005
,,,275.2,11/1/2008,11/1/2015,43.3194,"JACKSON, WI US",1,COOP:473930,METERS,-88.168
,,,326.1,3/1/2008,11/1/2015,45.08272,"JIM FALLS 3 NW, WI US",0.9999,COOP:474027,METERS,-91.33133
,,,385.6,1/1/1940,12/1/2014,45.3497,"JUMP RIVER 3 E, WI US",0.9655,COOP:474080,METERS,-90.7484
,,,239.9,9/1/2004,11/1/2015,42.9944,"JEFFERSON WWTP, WI US",1,COOP:474108,METERS,-88.8041
,,,182.9,3/1/1944,11/1/2015,42.5608,"KENOSHA, WI US",0.9872,COOP:474174,METERS,-87.8155
,,,180.7,3/1/1931,11/1/2015,44.4628,"KEWAUNEE, WI US",0.9616,COOP:474195,METERS,-87.50491
,,,201.2,1/1/1999,11/1/2015,43.867,"LA CROSSE 4 NNW, WI US",1,COOP:474366,METERS,-91.2725
,,,198.7,1/1/1948,11/1/2015,43.8788,"LA CROSSE MUNICIPAL AIRPORT, WI US",0.9853,COOP:474370,METERS,-91.2527
,,,398.4,6/1/2002,11/1/2015,43.8225,"LA CROSSE WEATHER FORECAST OFFICE, WI US",1,COOP:474373,METERS,-91.1915
,,,536.4,1/1/1946,11/1/2015,46.1211,"LAC VIEUX DESERT, WI US",0.9881,COOP:474383,METERS,-89.0758
,,,344.4,1/1/1931,11/1/2015,45.4651,"LADYSMITH 3 W, WI US",0.7262,COOP:474391,METERS,-91.1236
,,,356.6,8/1/1948,11/1/2015,45.4429,"LADYSMITH WTP, WI US",0.0903,COOP:474396,METERS,-91.08978
,,,243.5,6/1/1948,11/1/2015,43.57341,"LA FARGE, WI US",0.4173,COOP:474404,METERS,-90.63203
,,,270.7,10/1/2001,12/1/2009,43.5825,"LA VALLE, WI US",0.8786,COOP:474422,METERS,-90.11806
,,,347.5,2/1/2007,12/1/2013,43.6391,"LA VALLE 4 NNE, WI US",0.8917,COOP:474424,METERS,-90.1077
,,,257.9,7/1/1946,6/1/2003,42.59361,"LAKE GENEVA, WI US",0.9912,COOP:474457,METERS,-88.43472
,,,249,1/1/1931,11/1/2015,43.0802,"LAKE MILLS, WI US",0.9843,COOP:474482,METERS,-88.8966
,,,364.5,7/1/1968,1/1/2008,45.33333,"LAKEWOOD 3 NE, WI US",0.9957,COOP:474523,METERS,-88.49806
,,,383.4,6/1/2008,12/1/2013,45.3102,"LAKEWOOD SANITARY DISTRICT, WI US",0.9847,COOP:474530,METERS,-88.518
,,,317,1/1/1931,11/1/2015,42.8278,"LANCASTER 4 WSW, WI US",0.9902,COOP:474546,METERS,-90.7889
,,,516.6,1/1/1931,11/1/2015,45.5119,"LAONA 6 SW, WI US",0.9519,COOP:474582,METERS,-88.7594
,,,251.2,10/1/2005,11/1/2015,43.3216,"LODI, WI US",1,COOP:474790,METERS,-89.5311
,,,371.9,5/1/1971,11/1/2015,45.5733,"LUCK, WI US",0.9999,COOP:474894,METERS,-92.4852
,,,192.9,11/1/1936,11/1/2015,43.2118,"LYNXVILLE DAM 9, WI US",0.9906,COOP:474937,METERS,-91.0985
,,,201.2,7/1/1944,11/1/2015,46.778,"MADELINE ISLAND, WI US",0.9615,COOP:474953,METERS,-90.7654
,,,264,1/1/1948,11/1/2015,43.1405,"MADISON DANE CO REGIONAL AIRPORT, WI US",0.9828,COOP:474961,METERS,-89.3452
,,,178,1/1/1931,11/1/2015,44.08688,"MANITOWOC, WI US",0.9912,COOP:475017,METERS,-87.65219
,,,179.5,1/1/1931,11/1/2015,45.09828,"MARINETTE, WI US",0.9941,COOP:475091,METERS,-87.62358
,,,262.4,2/1/2007,11/1/2015,43.7028,"MARKESAN, WI US",1,COOP:475096,METERS,-88.9989
,,,377,1/1/1931,11/1/2015,44.64113,"MARSHFIELD EXPERIMENTAL FARM, WI US",0.9961,COOP:475120,METERS,-90.13332
,,,298.1,1/1/1931,11/1/2015,44.1746,"MATHER 3 NW, WI US",0.9843,COOP:475164,METERS,-90.3482
,,,263.7,1/1/1931,11/1/2015,43.7899,"MAUSTON 1 SE, WI US",0.9775,COOP:475178,METERS,-90.0597
,,,232.3,11/1/2001,11/1/2015,43.1708,"MAZOMANIE, WI US",0.9765,COOP:475189,METERS,-89.8191
,,,448.1,1/1/1931,11/1/2015,45.1307,"MEDFORD, WI US",0.9932,COOP:475255,METERS,-90.3438
,,,396.2,1/1/1931,11/1/2015,46.3689,"MELLEN 4 NE, WI US",0.9578,COOP:475286,METERS,-90.6417
,,,237.7,8/1/1948,11/1/2015,44.8743,"MENOMONIE, WI US",0.8936,COOP:475335,METERS,-91.9364
,,,487.7,8/1/1948,11/1/2015,46.1683,"MERCER RANGER STATION, WI US",0.1214,COOP:475352,METERS,-90.0722
,,,381,1/1/1931,11/1/2015,45.17849,"MERRILL, WI US",0.9882,COOP:475364,METERS,-89.66154
,,,293.2,1/1/2011,11/1/2015,43.0854,"MIDDLETON, WI US",1,COOP:475471,METERS,-89.5171
,,,267,10/1/2007,11/1/2015,42.7797,"MILTON, WI US",1,COOP:475473,METERS,-88.9441
,,,221.3,10/1/1946,11/1/2015,43.0719,"MILWAUKEE MOUNT MARY COLLEGE, WI US",0.9928,COOP:475474,METERS,-88.0294
,,,204.2,1/1/1948,11/1/2015,42.955,"MILWAUKEE MITCHELL INTERNATIONAL AIRPORT, WI US",0.9927,COOP:475479,METERS,-87.9044
,,,223.7,1/1/2010,11/1/2015,43.1086,"MILWAUKEE TIMMERMAN AIRPORT, WI US",1,COOP:475499,METERS,-88.0306
,,,488,1/1/1931,11/1/2015,45.8865,"MINOCQUA, WI US",0.9804,COOP:475516,METERS,-89.7322
,,,329.2,8/1/1948,1/1/2014,46.1006,"MINONG RANGER STATION, WI US",0.0316,COOP:475524,METERS,-91.8178
,,,327.7,7/1/1961,10/1/2004,46.06667,"MINONG 5 WSW, WI US",0.8615,COOP:475525,METERS,-91.86667
,,,253,1/1/1931,11/1/2015,44.5647,"MONDOVI, WI US",0.9254,COOP:475563,METERS,-91.6719
,,,301.8,9/1/1939,11/1/2015,42.5994,"MONROE 1 W, WI US",0.9629,COOP:475573,METERS,-89.668
,,,239.6,9/1/1954,11/1/2015,43.7805,"MONTELLO, WI US",0.9742,COOP:475581,METERS,-89.3169
,,,314.2,2/1/2007,11/1/2015,42.988,"MOUNT HOREB, WI US",1,COOP:475674,METERS,-89.7419
,,,281,5/1/1953,12/1/2011,44.0261,"NECEDAH 2 SE, WI US",0.9857,COOP:475786,METERS,-90.0813
,,,329.2,1/1/1931,11/1/2015,44.5378,"NEILLSVILLE 3 ESE, WI US",0.9902,COOP:475808,METERS,-90.535
,,,243.8,2/1/1931,11/1/2015,44.3587,"NEW LONDON, WI US",0.9745,COOP:475932,METERS,-88.71877
,,,301.8,7/1/1952,1/1/2014,45.11655,"NEW RICHMOND, WI US",0.0296,COOP:475948,METERS,-92.56443
,,,490.7,1/1/1947,9/1/2004,45.63583,"NORTH PELICAN, WI US",0.9668,COOP:476122,METERS,-89.24167
,,,260.9,7/1/1944,11/1/2015,43.1002,"OCONOMOWOC, WI US",0.9883,COOP:476200,METERS,-88.5036
,,,201.2,1/1/1931,11/1/2015,44.89186,"OCONTO 4 W, WI US",0.9814,COOP:476208,METERS,-87.95491
,,,292.6,1/1/1978,11/1/2015,43.7194,"ONTARIO 3 E, WI US",0.9847,COOP:476280,METERS,-90.5301
,,,228.6,1/1/1931,11/1/2015,44.02055,"OSHKOSH, WI US",0.9961,COOP:476330,METERS,-88.55783
,,,390.1,8/1/1946,11/1/2015,44.9801,"OWEN 3 W, WI US",1,COOP:476357,METERS,-90.5544
,,,290.2,6/1/2003,11/1/2008,43.8619,"OXFORD 6 N, WI US",0.9692,COOP:476360,METERS,-89.5619
,,,236.2,2/1/2005,11/1/2015,42.5805,"PADDOCK LAKE, WI US",0.9928,COOP:476380,METERS,-88.0902
,,,464.8,1/1/1931,11/1/2015,45.9336,"PARK FALLS DNR HQ, WI US",0.9745,COOP:476398,METERS,-90.4506
,,,335.3,5/1/1998,11/1/2015,46.5372,"PATTISON STATE PARK, WI US",0.9999,COOP:476413,METERS,-92.1186
,,,256,3/1/2007,11/1/2015,42.53194,"PELL LAKE, WI US",0.9997,COOP:476420,METERS,-88.3325
,,,182.9,8/1/1948,11/1/2015,45.02817,"PESHTIGO, WI US",0.3874,COOP:476510,METERS,-87.73588
,,,542.5,1/1/1931,11/1/2015,46.0663,"PHELPS, WI US",0.9882,COOP:476518,METERS,-89.0752
,,,301.8,4/1/1936,12/1/2010,42.7488,"PLATTEVILLE, WI US",0.9743,COOP:476646,METERS,-90.4655
,,,254.2,1/1/1931,11/1/2015,43.73,"PLYMOUTH, WI US",0.9814,COOP:476678,METERS,-87.9713
,,,236.2,1/1/1931,11/1/2015,43.5277,"PORTAGE, WI US",0.9892,COOP:476718,METERS,-89.4341
,,,198.4,1/1/1948,12/1/2008,46.7781,"PORT WING, WI US",0.7923,COOP:476772,METERS,-91.3856
,,,243.5,9/1/2003,11/1/2008,43.41222,"POYNETTE 7 WNW, WI US",0.9839,COOP:476796,METERS,-89.53083
,,,200.6,1/1/1931,11/1/2015,43.0515,"PRAIRIE DU CHIEN, WI US",0.9961,COOP:476827,METERS,-91.1349
,,,237.7,1/1/1931,2/1/2008,43.31,"PRAIRIE DU SAC 2 N, WI US",0.9903,COOP:476838,METERS,-89.72833
,,,475.5,8/1/1948,1/1/2014,45.54631,"PRENTICE, WI US",0.0309,COOP:476854,METERS,-90.31286
,,,469.4,1/1/1931,12/1/2014,45.5447,"PRENTICE NUMBER 2, WI US",0.9603,COOP:476859,METERS,-90.3017
,,,240.5,6/1/2006,11/1/2015,44.6774,"PULASKI WWTP, WI US",1,COOP:476874,METERS,-88.2275
,,,181.4,1/1/1931,11/1/2015,42.7022,"RACINE, WI US",0.9814,COOP:476922,METERS,-87.7861
,,,487.7,8/1/1948,1/1/2014,45.8341,"RAINBOW RSVR LK TOMAHAWK, WI US",0.047,COOP:476939,METERS,-89.5472
,,,225.6,5/1/1954,12/1/2010,43.4494,"READSTOWN, WI US",0.7852,COOP:477015,METERS,-90.765
,,,232.3,1/1/2011,11/1/2015,43.4797,"READSTOWN 4 NE, WI US",0.9835,COOP:477016,METERS,-90.6933
,,,282.2,8/1/1944,11/1/2015,43.523,"REEDSBURG, WI US",0.84,COOP:477052,METERS,-90.0002
,,,491.3,1/1/1931,11/1/2015,46.1222,"REST LAKE, WI US",0.9451,COOP:477092,METERS,-89.8772
,,,479.1,1/1/1931,11/1/2015,45.59852,"RHINELANDER, WI US",0.9922,COOP:477113,METERS,-89.45081
,,,495,1/1/2012,11/1/2015,45.6314,"RHINELANDER ONEIDA CO AIRPORT, WI US",1,COOP:477114,METERS,-89.4823
,,,483.4,12/1/2001,11/1/2015,45.65278,"RHINELANDER 4 NE, WI US",0.9941,COOP:477115,METERS,-89.3075
,,,490.4,9/1/2006,11/1/2015,45.6222,"RHINELANDER WJFW TV 12, WI US",1,COOP:477118,METERS,-89.41
,,,393.2,1/1/1948,7/1/2003,44.96722,"RIB FALLS, WI US",0.9985,COOP:477121,METERS,-89.89611
,,,336.2,8/1/1948,11/1/2015,45.41669,"RICE LAKE, WI US",0.9901,COOP:477132,METERS,-91.77247
,,,445,11/1/1949,1/1/2014,45.5397,"RICE RESERVOIR TOMAHAWK, WI US",0.044,COOP:477140,METERS,-89.7477
,,,445,6/1/1998,11/1/2015,45.5377,"RICE RESERVOIR TOMAHAWK 2, WI US",1,COOP:477142,METERS,-89.7322
,,,299.9,1/1/2010,11/1/2015,43.2111,"RICHFIELD 3 SSW, WI US",1,COOP:477148,METERS,-88.2091
,,,221.9,1/1/1931,11/1/2015,43.3314,"RICHLAND CENTER, WI US",0.9726,COOP:477158,METERS,-90.3888
,,,329.2,1/1/1942,11/1/2015,45.2141,"RIDGELAND 1 NNE, WI US",0.9595,COOP:477174,METERS,-91.8876
,,,283.5,8/1/1946,11/1/2015,43.8863,"RIPON 5 NE, WI US",0.9807,COOP:477209,METERS,-88.7444
,,,286.5,1/1/1931,11/1/2015,44.8544,"RIVER FALLS, WI US",0.9941,COOP:477226,METERS,-92.6122
,,,298.7,2/1/2007,11/1/2015,44.9707,"ROBERTS WWTP, WI US",1,COOP:477230,METERS,-92.562
,,,238.7,1/1/2011,11/1/2015,42.7269,"ROCHESTER WWTP, WI US",0.9157,COOP:477314,METERS,-88.2258
,,,384,1/1/1992,2/1/2002,43.445,"ROCK SPRINGS 3 SW, WI US",1,COOP:477319,METERS,-89.96972
,,,360.6,5/1/1941,11/1/2015,44.7511,"ROSHOLT 9 NNE, WI US",0.9262,COOP:477349,METERS,-89.245
,,,228.6,1/1/1950,11/1/2015,45.4117,"ST. CROIX FALLS, WI US",0.9963,COOP:477464,METERS,-92.6466
,,,500.8,12/1/1971,11/1/2015,45.9155,"ST GERMAIN, WI US",0.9754,COOP:477480,METERS,-89.4894
,,,227.1,1/1/2007,11/1/2015,43.2619,"SAUK CITY WWTP, WI US",0.9535,COOP:477576,METERS,-89.735
,,,230.1,10/1/2009,11/1/2015,43.375,"SAUKVILLE WWTP, WI US",1,COOP:477581,METERS,-87.94028
,,,245.7,1/1/1931,11/1/2015,44.76306,"SHAWANO 2 SSW, WI US",0.9863,COOP:477708,METERS,-88.61838
,,,197.5,1/1/1931,8/1/2008,43.75,"SHEBOYGAN, WI US",0.9925,COOP:477725,METERS,-87.71667
,,,341.4,6/1/1992,11/1/2015,45.3065,"SHELDON, WI US",0.9752,COOP:477745,METERS,-90.9606
,,,234.7,12/1/2004,11/1/2015,44.4388,"SHIOCTON, WI US",1,COOP:477761,METERS,-88.5838
,,,313.6,5/1/2010,11/1/2015,43.33389,"SLINGER WWTP, WI US",0.9997,COOP:477796,METERS,-88.29778
,,,344.4,1/1/1931,11/1/2015,46.3576,"SOLON SPRINGS, WI US",0.9588,COOP:477892,METERS,-91.8318
,,,198.1,8/1/2006,11/1/2015,42.9011,"SOUTH MILWAUKEE WWTP, WI US",1,COOP:477964,METERS,-87.8494
,,,238.4,6/1/1936,11/1/2015,43.9365,"SPARTA, WI US",0.9623,COOP:477997,METERS,-90.8163
,,,453.8,1/1/1948,12/1/2011,45.4566,"SPIRIT FALLS, WI US",0.9818,COOP:478018,METERS,-89.9691
,,,335.3,1/1/1931,11/1/2015,45.8236,"SPOONER EXPERIMENTAL FARM, WI US",0.999,COOP:478027,METERS,-91.8761
,,,278.9,3/1/1949,7/1/2010,44.841,"SPRING VALLEY, WI US",0.848,COOP:478080,METERS,-92.2455
,,,280.4,8/1/2010,12/1/2013,44.8412,"SPRING VALLEY DOWNTOWN, WI US",0.9991,COOP:478081,METERS,-92.2393
,,,329.2,1/1/1931,12/1/2013,44.9529,"STANLEY WWTP, WI US",0.9227,COOP:478110,METERS,-90.927
,,,326.1,1/1/2011,12/1/2011,44.95889,"STANLEY 2, WI US",1,COOP:478111,METERS,-90.94889
,,,309.4,11/1/1992,11/1/2015,43.1343,"STEUBEN 4 SE, WI US",0.8016,COOP:478164,METERS,-90.8372
,,,328.9,1/1/1931,11/1/2015,44.5115,"STEVENS POINT, WI US",0.9951,COOP:478171,METERS,-89.5853
,,,320,12/1/2003,11/1/2015,44.86989,"STOCKBRIDGE MUNSEE RESERVATION, WI US",0.9861,COOP:478190,METERS,-88.90443
,,,256,2/1/1931,11/1/2015,42.9108,"STOUGHTON, WI US",0.949,COOP:478229,METERS,-89.2133
,,,375.2,1/1/1945,11/1/2015,44.8175,"STRATFORD 1 NW, WI US",0.9777,COOP:478241,METERS,-90.0899
,,,297.5,8/1/1948,1/1/2014,44.4965,"STRUM 4 S, WI US",0.0311,COOP:478259,METERS,-91.3965
,,,213.1,1/1/1931,11/1/2015,44.8799,"STURGEON BAY EXPERIMENTAL FARM, WI US",0.9951,COOP:478267,METERS,-87.33578
,,,489.2,1/1/1945,10/1/2003,45.8647,"SUGAR CAMP, WI US",0.9802,COOP:478288,METERS,-89.3819
,,,284.4,9/1/1994,11/1/2015,42.9675,"MILWAUKEE WSFO DOUSMAN, WI US",0.9722,COOP:478316,METERS,-88.5497
,,,527.9,1/1/1946,11/1/2015,45.3788,"SUMMIT LAKE, WI US",0.9297,COOP:478324,METERS,-89.1941
,,,289.6,1/1/2002,6/1/2003,43.19361,"SUN PRAIRIE 3 W, WI US",0.9477,COOP:478329,METERS,-89.28222
,,,185,1/1/1931,11/1/2015,46.727,"SUPERIOR, WI US",0.9814,COOP:478349,METERS,-92.072
,,,241.4,4/1/1998,11/1/2015,44.9958,"SURING, WI US",1,COOP:478376,METERS,-88.3786
,,,296.3,8/1/1948,1/1/2014,43.9713,"TOMAH RANGER STATION 2, WI US",0.0295,COOP:478515,METERS,-90.4679
,,,267.9,11/1/2005,11/1/2015,43.4719,"TOWN OF WESTFORD, WI US",1,COOP:478540,METERS,-88.8824
,,,179.5,12/1/1950,11/1/2015,44.143,"TWO RIVERS, WI US",0.9923,COOP:478672,METERS,-87.5677
,,,222.5,6/1/1941,11/1/2015,42.6902,"UNION GROVE, WI US",0.9832,COOP:478723,METERS,-88.0336
,,,456.3,8/1/1998,11/1/2015,46.3678,"UPSON, WI US",0.9712,COOP:478750,METERS,-90.4122
,,,382.5,1/1/1931,11/1/2015,43.5595,"VIROQUA, WI US",0.9784,COOP:478827,METERS,-90.876
,,,209.1,11/1/1944,11/1/2015,45.3582,"WASHINGTON IS, WI US",0.9883,COOP:478905,METERS,-86.891
,,,245.1,2/1/2007,11/1/2015,43.1877,"WATERLOO, WI US",1,COOP:478910,METERS,-88.9844
,,,251.5,1/1/1931,11/1/2015,43.1741,"WATERTOWN, WI US",0.9932,COOP:478919,METERS,-88.7363
,,,286.5,7/1/1993,1/1/2004,43.47028,"WAUBEKA, WI US",0.8894,COOP:478932,METERS,-87.98361
,,,253,1/1/1931,11/1/2015,43.0063,"WAUKESHA, WI US",0.9519,COOP:478937,METERS,-88.2491
,,,255.1,1/1/1931,11/1/2015,44.35475,"WAUPACA, WI US",0.9941,COOP:478951,METERS,-89.05951
,,,365.8,12/1/1941,11/1/2015,44.9288,"WAUSAU ASOS, WI US",0.9606,COOP:478968,METERS,-89.6277
,,,364.8,9/1/2001,11/1/2015,44.9464,"WAUSAU WSAW TV, WI US",0.9417,COOP:478969,METERS,-89.6222
,,,227.1,1/1/1948,11/1/2015,45.3802,"WAUSAUKEE, WI US",0.9522,COOP:478978,METERS,-87.9566
,,,321.9,1/1/2005,5/1/2009,44.1405,"WAUTOMA 4 N, WI US",0.9819,COOP:478984,METERS,-89.2977
,,,264.9,8/1/2009,11/1/2015,44.0411,"WAUTOMA SILVER LAKE SAN DIST, WI US",1,COOP:478987,METERS,-89.2433
,,,306.3,6/1/1998,11/1/2015,45.7883,"WEBSTER 9 SE, WI US",0.9857,COOP:479012,METERS,-92.2325
,,,220.4,10/1/1951,12/1/2010,43.0175,"WEST ALLIS, WI US",0.8087,COOP:479046,METERS,-88.0017
,,,286.5,1/1/1931,11/1/2003,43.36806,"WEST BEND, WI US",0.9909,COOP:479050,METERS,-88.08583
,,,299,3/1/2009,11/1/2015,43.4105,"WEST BEND PUBLIC WORKS, WI US",0.864,COOP:479052,METERS,-88.1938
,,,273.1,8/1/2002,11/1/2015,43.4319,"WEST BEND FIRE STATION, WI US",0.9875,COOP:479053,METERS,-88.1605
,,,390.8,5/1/1956,11/1/2015,43.6749,"WESTBY 3 ENE, WI US",0.9245,COOP:479062,METERS,-90.8077
,,,364.2,1/1/1931,9/1/2007,45.4426,"WEYERHAEUSER 1 N, WI US",0.9164,COOP:479144,METERS,-91.4181
,,,361.2,1/1/2011,12/1/2012,45.4283,"WEYERHAEUSER 2, WI US",0.9993,COOP:479145,METERS,-91.4204
,,,392.9,2/1/1958,11/1/2015,45.1452,"WHITE LAKE 1 SE, WI US",0.9888,COOP:479176,METERS,-88.7416
,,,266.7,6/1/1941,11/1/2015,42.8508,"WHITEWATER, WI US",0.981,COOP:479190,METERS,-88.7247
,,,454.2,8/1/1948,1/1/2014,44.7313,"WILLARD, WI US",0.0268,COOP:479218,METERS,-90.7216
,,,467,4/1/1934,11/1/2015,45.70871,"WILLOW RESERVOIR, WI US",0.9877,COOP:479236,METERS,-89.8483
,,,413,1/1/1931,11/1/2015,45.7992,"WINTER, WI US",0.9618,COOP:479304,METERS,-90.9947
,,,254.5,1/1/1931,11/1/2015,43.6088,"WISCONSIN DELLS, WI US",0.9853,COOP:479319,METERS,-89.7666
,,,314.9,1/1/1931,12/1/2012,44.388,"WISCONSIN RAPIDS, WI US",0.9908,COOP:479335,METERS,-89.8055
,,,310.9,3/1/1931,11/1/2015,44.3994,"WIS RAPIDS GRAND AV B, WI US",0.9626,COOP:479345,METERS,-89.8305
,,,294.4,5/1/2008,8/18/2008,43.9544,"ADAMS 0.4 E, WI US",0.9925,GHCND:US1WIAD0002,METERS,-89.8096
,,,210,9/1/2010,9/20/2017,46.5818,"ASHLAND 0.5 WNW, WI US",0.7621,GHCND:US1WIAS0003,METERS,-90.8842
,,,213.4,10/1/2010,10/11/2019,46.5824,"ASHLAND 0.5 WNW, WI US",0.9999,GHCND:US1WIAS0004,METERS,-90.8839
,,,189.6,12/1/2012,4/3/2019,46.6046,"ODANAH 1.6 E, WI US",1,GHCND:US1WIAS0006,METERS,-90.6492
,,,178.9,4/1/2007,11/19/2013,44.5289,"GREEN BAY 2.4 WNW, WI US",0.8871,GHCND:US1WIBN0001,METERS,-88.0376
,,,210.6,4/1/2010,10/11/2019,44.6611,"SUAMICO 4.4 WNW, WI US",0.9998,GHCND:US1WIBN0006,METERS,-88.1178
,,,200.6,5/1/2011,6/16/2015,44.5499,"GREEN BAY 6.3 WNW, WI US",0.9999,GHCND:US1WIBN0007,METERS,-88.1111
,,,194.8,7/1/2011,12/9/2016,44.442,"DE PERE 2.4 W, WI US",0.7771,GHCND:US1WIBN0008,METERS,-88.1192
,,,183.5,9/1/2012,4/5/2014,44.4501,"GREEN BAY 5.3 SSW, WI US",1,GHCND:US1WIBN0010,METERS,-88.0306
,,,321,4/1/2007,10/11/2019,45.2943,"CHETEK 2.0 SE, WI US",0.9986,GHCND:US1WIBR0002,METERS,-91.6247
,,,320.6,11/1/2011,12/9/2016,45.3806,"CAMERON 2.4 SE, WI US",1,GHCND:US1WIBR0006,METERS,-91.7048
,,,327.1,6/17/1998,10/11/2019,45.369,"CAMERON 3.2 SW, WI US",0.0181,GHCND:US1WIBR0016,METERS,-91.7871
,,,374.3,6/17/1998,8/25/2018,45.5268,"CUMBERLAND 3.5 E, WI US",0.043,GHCND:US1WIBR0022,METERS,-91.952
,,,294.1,3/1/2007,10/11/2019,45.7728,"GRANTSBURG 0.6 SSW, WI US",0.9996,GHCND:US1WIBT0001,METERS,-92.6886
,,,299.9,3/1/2007,10/11/2019,45.8833,"SPOONER 10.6 WNW, WI US",0.9996,GHCND:US1WIBT0002,METERS,-92.096
,,,306.3,1/1/2011,11/12/2014,45.9891,"WEBB LAKE 2.2 SW, WI US",0.9947,GHCND:US1WIBT0003,METERS,-92.1694
,,,210,3/1/2007,10/11/2019,46.9386,"BAYFIELD 8.8 N, WI US",0.9998,GHCND:US1WIBY0001,METERS,-90.8349
,,,462.1,5/28/2007,10/11/2019,46.1694,"MELLEN 18.6 SW, WI US",0.993,GHCND:US1WIBY0002,METERS,-90.9809
,,,235.6,6/1/2008,11/2/2012,46.8324,"BAYFIELD 1.7 NNE, WI US",0.6295,GHCND:US1WIBY0003,METERS,-90.8016
,,,295,3/1/2009,8/7/2013,46.7019,"WASHBURN 5.1 WNW, WI US",0.9998,GHCND:US1WIBY0004,METERS,-90.993
,,,332.8,7/1/2000,10/11/2019,46.4944,"IRON RIVER 7.2 SE, WI US",0.2804,GHCND:US1WIBY0005,METERS,-91.297
,,,262.1,6/24/2006,10/11/2019,43.3189,"COLUMBUS 1.2 S, WI US",0.9998,GHCND:US1WICB0001,METERS,-89.0268
,,,248.7,6/1/2010,10/10/2019,43.5141,"PORTAGE 5.7 WSW, WI US",0.9998,GHCND:US1WICB0004,METERS,-89.5691
,,,287.4,9/1/2011,10/11/2019,43.4793,"PORTAGE 7.2 SW, WI US",0.9455,GHCND:US1WICB0005,METERS,-89.5737
,,,313.6,8/1/2010,9/10/2015,44.9739,"CADOTT 1.6 NNE, WI US",0.3387,GHCND:US1WICH0001,METERS,-91.1412
,,,334.4,6/1/2012,4/11/2017,44.9684,"STANLEY 0.4 NNE, WI US",0.8044,GHCND:US1WICH0002,METERS,-90.939
,,,317.9,6/1/2012,10/11/2019,45.1702,"CORNELL 4.1 W, WI US",1,GHCND:US1WICH0003,METERS,-91.2361
,,,338,10/1/2007,10/11/2019,43.2648,"GAYS MILLS 6.1 SE, WI US",0.9901,GHCND:US1WICR0001,METERS,-90.7557
,,,274.9,6/17/1998,7/21/2018,44.0375,"CHILTON 0.6 NNW, WI US",0.9721,GHCND:US1WICT0001,METERS,-88.1697
,,,281.9,3/1/2007,10/2/2019,43.1022,"MIDDLETON 0.5 E, WI US",0.7599,GHCND:US1WIDA0002,METERS,-89.4961
,,,314.9,3/1/2007,10/11/2019,43.0317,"MADISON 5.0 SW, WI US",0.9904,GHCND:US1WIDA0003,METERS,-89.4831
,,,304.5,6/1/2007,11/8/2010,43.0642,"MADISON 3.1 WSW, WI US",0.6663,GHCND:US1WIDA0004,METERS,-89.4474
,,,280.1,3/1/2008,5/16/2017,43.068,"MADISON 3.2 WSW, WI US",0.9989,GHCND:US1WIDA0009,METERS,-89.4499
,,,354.2,4/1/2008,10/11/2019,42.9616,"MOUNT HOREB 3.6 SSW, WI US",0.674,GHCND:US1WIDA0010,METERS,-89.7642
,,,295.7,5/1/2008,8/3/2017,43.0255,"MADISON 4.4 SSW, WI US",0.8736,GHCND:US1WIDA0011,METERS,-89.4319
,,,285,6/1/2008,10/11/2019,43.0623,"MADISON 3.7 WSW, WI US",1,GHCND:US1WIDA0013,METERS,-89.4565
,,,271.3,7/1/2008,7/1/2019,43.0186,"MCFARLAND 0.8 E, WI US",0.9784,GHCND:US1WIDA0014,METERS,-89.2785
,,,285,8/1/2008,12/22/2008,43.09,"MIDDLETON 0.9 SSE, WI US",0.9947,GHCND:US1WIDA0015,METERS,-89.5
,,,276.1,10/1/2008,9/24/2010,42.9222,"EDGERTON 5.9 N, WI US",0.8339,GHCND:US1WIDA0017,METERS,-89.0925
,,,286.2,4/1/2010,12/10/2010,43.1868,"WAUNAKEE 0.6 W, WI US",0.9961,GHCND:US1WIDA0018,METERS,-89.4637
,,,279.8,4/1/2010,8/29/2018,43.0877,"COTTAGE GROVE 0.9 WNW, WI US",0.7637,GHCND:US1WIDA0020,METERS,-89.2204
,,,305.4,6/1/2010,10/9/2018,43.079,"MADISON 3.1 W, WI US",0.4924,GHCND:US1WIDA0021,METERS,-89.4498
,,,323.1,9/1/2010,7/3/2014,42.9372,"OREGON 5.3 W, WI US",1,GHCND:US1WIDA0022,METERS,-89.4853
,,,303.9,7/1/2012,8/5/2016,42.9168,"OREGON 0.8 SSW, WI US",0.9819,GHCND:US1WIDA0025,METERS,-89.3898
,,,355.4,8/1/2012,6/15/2013,42.9988,"MOUNT HOREB 1.1 SE, WI US",1,GHCND:US1WIDA0026,METERS,-89.7176
,,,278.3,8/1/2012,10/8/2019,43.0774,"MADISON 4.0 W, WI US",1,GHCND:US1WIDA0039,METERS,-89.4676
,,,306.9,6/1/1998,10/11/2019,43.4514,"HORICON 2.1 ENE, WI US",1,GHCND:US1WIDD0003,METERS,-88.5956
,,,215.8,9/1/2010,9/24/2018,46.6488,"SUPERIOR 7.2 WSW, WI US",0.5374,GHCND:US1WIDG0011,METERS,-92.1944
,,,234.1,7/1/2007,10/25/2012,43.7675,"FOND DU LAC 1.0 WSW, WI US",0.999,GHCND:US1WIDL0001,METERS,-88.4644
,,,271,6/17/1998,12/12/2018,43.6337,"WAUPUN 0.2 NNE, WI US",0.0258,GHCND:US1WIDL0012,METERS,-88.7341
,,,324.3,4/1/2008,10/11/2019,45.0891,"BOYCEVILLE 3.3 N, WI US",1,GHCND:US1WIDN0001,METERS,-92.0276
,,,297.2,3/1/2009,7/24/2015,45.109,"DOWNING 4.4 NNE, WI US",0.3636,GHCND:US1WIDN0002,METERS,-92.0955
,,,296.9,8/1/2012,10/11/2019,44.8863,"ELK MOUND 1.3 NE, WI US",1,GHCND:US1WIDN0005,METERS,-91.6668
,,,278.3,4/1/2008,6/21/2011,44.7223,"EAU CLAIRE 7.2 SSE, WI US",0.998,GHCND:US1WIEC0002,METERS,-91.4463
,,,271.6,8/1/2010,10/11/2019,44.8172,"EAU CLAIRE 2.8 W, WI US",0.6176,GHCND:US1WIEC0004,METERS,-91.55
,,,364.8,6/1/2007,2/15/2010,45.8923,"NIAGARA 10.3 NW, WI US",1,GHCND:US1WIFL0002,METERS,-88.1447
,,,473,4/1/2007,9/1/2007,45.38,"CRANDON 13.1 S, WI US",0.998,GHCND:US1WIFR0001,METERS,-88.9051
,,,491,6/1/2007,9/24/2010,45.4366,"CRANDON 12.6 SE, WI US",0.6997,GHCND:US1WIFR0002,METERS,-88.719
,,,497.1,4/1/2011,2/27/2015,45.574,"CRANDON 0.3 N, WI US",1,GHCND:US1WIFR0003,METERS,-88.8983
,,,235.6,7/1/2010,3/30/2013,43.9757,"BERLIN 0.4 NNE, WI US",0.9986,GHCND:US1WIGL0001,METERS,-88.9476
,,,266.1,4/1/2007,5/28/2017,42.8489,"BELLEVILLE 1.7 ESE, WI US",0.972,GHCND:US1WIGN0001,METERS,-89.5068
,,,310,4/1/2008,12/14/2015,42.8532,"LANCASTER 0.3 N, WI US",0.8601,GHCND:US1WIGT0001,METERS,-90.7086
,,,490.7,6/17/1998,10/10/2019,46.1475,"MERCER 2.0 SE, WI US",0.0723,GHCND:US1WIIR0002,METERS,-90.031
,,,253,3/1/2007,10/10/2019,43.1792,"WATERTOWN 1.6 ESE, WI US",0.7208,GHCND:US1WIJF0002,METERS,-88.6972
,,,260.9,5/1/2007,10/1/2013,43.0891,"LAKE MILLS 3.6 WNW, WI US",1,GHCND:US1WIJF0003,METERS,-88.9765
,,,247.8,4/1/2007,5/3/2013,43.1761,"WATERTOWN 1.1 S, WI US",0.8916,GHCND:US1WIJF0004,METERS,-88.7286
,,,256.9,4/1/2008,2/5/2019,42.848,"WHITEWATER 1.3 NW, WI US",1,GHCND:US1WIJF0005,METERS,-88.7542
,,,248.1,7/1/2007,10/11/2019,44.32,"BLACK RIVER FALLS 1.7 NNE, WI US",0.9997,GHCND:US1WIJK0001,METERS,-90.83
,,,274.9,6/17/1998,10/10/2019,43.9871,"NECEDAH 5.0 ESE, WI US",0.0979,GHCND:US1WIJN0001,METERS,-89.9858
,,,214,3/1/2007,11/8/2018,42.5584,"KENOSHA 2.2 SW, WI US",1,GHCND:US1WIKN0001,METERS,-87.8807
,,,188.4,9/1/2007,5/3/2008,42.5087,"PLEASANT PRAIRIE 3.4 ESE, WI US",0.9998,GHCND:US1WIKN0002,METERS,-87.8188
,,,187.1,6/1/2008,12/5/2008,42.6464,"KENOSHA 4.7 NNE, WI US",0.9956,GHCND:US1WIKN0003,METERS,-87.8182
,,,198.7,4/1/2010,10/11/2019,42.5597,"KENOSHA 1.7 S, WI US",0.9998,GHCND:US1WIKN0006,METERS,-87.8566
,,,202.4,7/1/2010,10/10/2019,42.6332,"KENOSHA 3.4 N, WI US",0.9996,GHCND:US1WIKN0007,METERS,-87.8517
,,,176.8,7/1/2010,3/16/2013,42.6471,"KENOSHA 4.8 NNE, WI US",0.8744,GHCND:US1WIKN0008,METERS,-87.8158
,,,231,3/1/2007,10/10/2019,43.8982,"WEST SALEM 0.7 W, WI US",0.4997,GHCND:US1WILC0001,METERS,-91.0955
,,,218.8,6/17/1998,10/3/2019,44.0574,"HOLMEN 6.9 N, WI US",0.134,GHCND:US1WILC0003,METERS,-91.2656
,,,255.1,8/1/2007,10/11/2019,44.0228,"MELROSE 8.2 SSW, WI US",0.6826,GHCND:US1WILC0004,METERS,-91.062
,,,203.9,9/1/2007,10/7/2009,43.787,"LA CROSSE 3.0 SSE, WI US",0.7302,GHCND:US1WILC0007,METERS,-91.209
,,,209.4,6/1/2009,10/11/2019,43.7662,"LA CROSSE 5.4 SE, WI US",0.112,GHCND:US1WILC0008,METERS,-91.166
,,,218.8,11/1/2008,1/4/2016,43.904,"ONALASKA 1.6 NW, WI US",1,GHCND:US1WILC0010,METERS,-91.2397
,,,243.8,1/1/2010,9/17/2014,43.9705,"HOLMEN 0.9 N, WI US",0.4037,GHCND:US1WILC0011,METERS,-91.2594
,,,427.9,3/1/2007,10/11/2019,45.1775,"MERRILL 7.0 W, WI US",0.9998,GHCND:US1WILN0002,METERS,-89.8482
,,,184.4,10/1/2012,10/11/2019,44.1747,"TWO RIVERS 4.5 WNW, WI US",1,GHCND:US1WIMC0002,METERS,-87.6677
,,,322.2,6/1/1998,12/12/2012,44.9804,"NEOPIT 0.2 WSW, WI US",0.9383,GHCND:US1WIMM0001,METERS,-88.8293
,,,259.1,3/1/2007,5/21/2008,43.9122,"SPARTA 2.5 SSE, WI US",0.9969,GHCND:US1WIMN0001,METERS,-90.7828
,,,256,11/1/2006,10/16/2008,43.954,"SPARTA 0.8 NNE, WI US",0.8554,GHCND:US1WIMN0003,METERS,-90.8048
,,,429.2,8/1/2007,10/6/2019,43.8103,"WILTON 4.2 E, WI US",0.9998,GHCND:US1WIMN0004,METERS,-90.4436
,,,262.7,1/1/2012,10/11/2019,43.811,"CASHTON 4.8 N, WI US",0.961,GHCND:US1WIMN0005,METERS,-90.7629
,,,213.4,5/1/2010,5/16/2015,45.4256,"WAUSAUKEE 5.5 NE, WI US",0.6556,GHCND:US1WIMR0001,METERS,-87.8631
,,,370.9,3/1/2007,10/11/2019,44.9181,"SCHOFIELD 3.3 E, WI US",0.9996,GHCND:US1WIMT0001,METERS,-89.5447
,,,401.1,7/1/2010,10/11/2019,44.8873,"SCHOFIELD 2.1 SSE, WI US",0.7244,GHCND:US1WIMT0003,METERS,-89.5959
,,,370.3,8/1/2008,10/11/2019,44.9694,"WAUSAU 1.7 ENE, WI US",1,GHCND:US1WIMT0004,METERS,-89.6109
,,,410.6,9/1/2009,9/2/2014,44.9586,"WAUSAU 1.6 E, WI US",0.2624,GHCND:US1WIMT0005,METERS,-89.612
,,,202.1,3/1/2007,9/30/2019,43.0978,"SHOREWOOD 0.6 NW, WI US",0.9998,GHCND:US1WIMW0001,METERS,-87.893
,,,210.3,4/1/2007,9/21/2007,43.0683,"MILWAUKEE 3.2 N, WI US",1,GHCND:US1WIMW0005,METERS,-87.9028
,,,203,8/1/2007,11/27/2007,43.1072,"MILWAUKEE 3.3 NNW, WI US",0.998,GHCND:US1WIMW0008,METERS,-87.9915
,,,232.9,8/1/2007,5/14/2011,42.9223,"FRANKLIN 3.5 NE, WI US",0.674,GHCND:US1WIMW0010,METERS,-87.9601
,,,237.1,8/1/2007,6/27/2008,43.0917,"MILWAUKEE 3.6 WNW, WI US",0.636,GHCND:US1WIMW0011,METERS,-88.0254
,,,207.9,7/1/2007,10/12/2018,42.8583,"OAK CREEK 2.2 SE, WI US",0.717,GHCND:US1WIMW0013,METERS,-87.8684
,,,206,6/1/1998,10/11/2019,43.113,"MILWAUKEE 3.6 NNW, WI US",0.909,GHCND:US1WIMW0014,METERS,-87.9873
,,,231,9/1/2008,1/13/2012,43.085,"MILWAUKEE 2.6 NW, WI US",0.439,GHCND:US1WIMW0017,METERS,-88.0098
,,,234.1,10/1/2008,10/11/2019,42.998,"WEST ALLIS 0.7 SSE, WI US",1,GHCND:US1WIMW0018,METERS,-88.0238
,,,241.1,3/1/2010,7/20/2019,42.8975,"FRANKLIN 1.0 NW, WI US",0.6476,GHCND:US1WIMW0019,METERS,-88.0217
,,,244.4,3/1/2012,10/11/2019,42.9409,"GREENDALE 1.0 ENE, WI US",0.9996,GHCND:US1WIMW0023,METERS,-87.9823
,,,294.4,4/1/2007,10/11/2019,45.1724,"MOUNTAIN 1.1 SW, WI US",0.9998,GHCND:US1WIOC0001,METERS,-88.4899
,,,272.8,7/1/2008,4/30/2010,44.8937,"GILLETT 8.0 W, WI US",1,GHCND:US1WIOC0003,METERS,-88.4697
,,,224.9,1/1/2007,4/30/2011,44.2686,"KIMBERLY 0.3 ESE, WI US",1,GHCND:US1WIOG0001,METERS,-88.3354
,,,224,3/1/2007,11/12/2010,44.2586,"KIMBERLY 1.0 SE, WI US",0.9102,GHCND:US1WIOG0002,METERS,-88.3284
,,,239.6,9/1/2009,10/11/2019,44.5013,"BLACK CREEK 2.1 NNW, WI US",0.7597,GHCND:US1WIOG0005,METERS,-88.4694
,,,235,4/1/2012,10/11/2019,44.2858,"APPLETON 1.3 N, WI US",1,GHCND:US1WIOG0007,METERS,-88.3947
,,,219.5,6/17/1998,10/11/2019,44.2606,"KAUKAUNA 1.5 SW, WI US",0.1702,GHCND:US1WIOG0012,METERS,-88.2859
,,,504.4,6/1/1998,3/1/2018,45.6568,"RHINELANDER 2.7 WNW, WI US",1,GHCND:US1WION0001,METERS,-89.463
,,,487.7,6/1/2010,10/11/2019,45.6758,"RHINELANDER 6.3 WNW, WI US",0.9998,GHCND:US1WION0002,METERS,-89.5324
,,,469.4,7/1/2011,10/10/2019,45.6314,"RHINELANDER 0.6 SSW, WI US",0.9468,GHCND:US1WION0004,METERS,-89.4147
,,,252.1,3/1/2007,8/25/2019,43.3085,"CEDARBURG 0.8 NNE, WI US",0.9997,GHCND:US1WIOZ0001,METERS,-87.9848
,,,267.9,6/1/2008,12/28/2018,43.2788,"CEDARBURG 3.7 WSW, WI US",0.8192,GHCND:US1WIOZ0005,METERS,-88.0566
,,,251.5,3/1/2010,8/24/2010,43.3341,"GRAFTON 1.8 NW, WI US",0.998,GHCND:US1WIOZ0007,METERS,-87.9824
,,,306.9,5/1/2007,6/13/2016,44.7323,"ELLSWORTH 3.6 E, WI US",0.9996,GHCND:US1WIPC0001,METERS,-92.406
,,,279.2,7/1/2008,11/15/2017,44.8559,"RIVER FALLS 0.4 E, WI US",1,GHCND:US1WIPC0003,METERS,-92.6127
,,,322.5,4/1/2010,6/15/2012,44.8267,"RIVER FALLS 3.0 SE, WI US",0.998,GHCND:US1WIPC0004,METERS,-92.5764
,,,274.9,6/1/2010,10/11/2019,44.8403,"RIVER FALLS 1.2 SSW, WI US",0.9998,GHCND:US1WIPC0005,METERS,-92.635
,,,360,10/1/2010,10/6/2019,44.7748,"ELLSWORTH 5.9 WNW, WI US",0.8181,GHCND:US1WIPC0007,METERS,-92.5872
,,,244.1,4/1/2011,6/15/2014,44.7564,"PRESCOTT 0.6 NW, WI US",1,GHCND:US1WIPC0008,METERS,-92.7997
,,,385.3,10/1/2009,8/3/2011,45.3172,"CLAYTON 0.7 SE, WI US",1,GHCND:US1WIPK0003,METERS,-92.159
,,,322.5,2/1/2010,10/11/2019,45.3244,"DRESSER 6.1 ESE, WI US",0.9736,GHCND:US1WIPK0004,METERS,-92.5208
,,,352.3,2/1/2011,10/11/2019,45.3937,"AMERY 6.5 NNW, WI US",1,GHCND:US1WIPK0007,METERS,-92.4078
,,,385.9,2/1/2012,5/9/2013,45.541,"LUCK 2.8 SSW, WI US",0.6889,GHCND:US1WIPK0009,METERS,-92.4989
,,,340.5,4/1/2012,10/6/2019,45.3811,"ST. CROIX FALLS 7.0 ESE, WI US",0.7917,GHCND:US1WIPK0010,METERS,-92.4958
,,,333.5,5/1/2012,11/11/2012,45.3817,"ST. CROIX FALLS 6.4 ESE, WI US",0.9956,GHCND:US1WIPK0011,METERS,-92.5071
,,,365.5,6/1/2009,8/5/2017,44.6758,"ARKANSAW 4.4 NW, WI US",0.6219,GHCND:US1WIPP0001,METERS,-92.1009
,,,348.4,3/1/2011,10/11/2019,44.5179,"STOCKHOLM 3.0 NE, WI US",0.9993,GHCND:US1WIPP0002,METERS,-92.2237
,,,438.9,6/1/2007,12/27/2007,45.6943,"PHILLIPS 3.6 W, WI US",0.9956,GHCND:US1WIPR0001,METERS,-90.4715
,,,481.3,3/1/2009,10/11/2019,45.965,"BUTTERNUT 5.9 SW, WI US",0.9879,GHCND:US1WIPR0002,METERS,-90.5975
,,,458.4,6/17/1998,10/11/2019,45.6768,"PHILLIPS 1.3 S, WI US",0.0893,GHCND:US1WIPR0006,METERS,-90.3954
,,,331,8/1/2007,11/24/2011,44.5158,"STEVENS POINT 0.9 SSW, WI US",0.9998,GHCND:US1WIPT0001,METERS,-89.5677
,,,331.6,6/17/1998,8/5/2018,44.4622,"PLOVER 0.7 E, WI US",0.1566,GHCND:US1WIPT0006,METERS,-89.5297
,,,241.1,8/1/2007,10/11/2018,42.8243,"WATERFORD NORTH 3.2 NE, WI US",0.499,GHCND:US1WIRC0001,METERS,-88.175
,,,218.5,3/1/2010,10/11/2019,42.7112,"RACINE 2.3 WSW, WI US",0.9995,GHCND:US1WIRC0003,METERS,-87.8457
,,,296.9,5/1/2007,12/3/2007,42.562,"CLINTON 0.4 NNW, WI US",0.9939,GHCND:US1WIRK0002,METERS,-88.8694
,,,275.5,3/1/2010,10/10/2019,42.7791,"EVANSVILLE 0.4 E, WI US",0.9995,GHCND:US1WIRK0006,METERS,-89.2902
,,,285,7/1/2010,10/10/2019,42.7543,"JANESVILLE 4.9 N, WI US",0.7244,GHCND:US1WIRK0007,METERS,-89.0343
,,,347.5,7/1/2010,10/9/2019,45.4818,"LADYSMITH 2.8 WNW, WI US",0.9127,GHCND:US1WIRS0001,METERS,-91.1468
,,,195.1,4/1/2007,8/9/2012,43.7891,"SHEBOYGAN 3.0 N, WI US",0.9995,GHCND:US1WISB0002,METERS,-87.7337
,,,192,8/1/2007,11/27/2007,43.7192,"SHEBOYGAN 1.8 S, WI US",0.998,GHCND:US1WISB0003,METERS,-87.728
,,,210.6,10/1/2012,1/8/2017,43.5716,"CEDAR GROVE 0.4 NNE, WI US",0.9527,GHCND:US1WISB0005,METERS,-87.8199
,,,195.4,6/17/1998,10/11/2019,43.7842,"SHEBOYGAN 2.7 N, WI US",0.173,GHCND:US1WISB0014,METERS,-87.723
,,,310.9,1/1/2010,6/7/2010,44.8792,"RIVER FALLS 4.1 ENE, WI US",1,GHCND:US1WISC0004,METERS,-92.5437
,,,354.5,3/1/2012,10/10/2019,44.9764,"HAMMOND 0.4 NE, WI US",0.7109,GHCND:US1WISC0009,METERS,-92.4305
,,,316.4,5/1/2012,10/2/2019,44.9346,"HUDSON 4.3 ESE, WI US",0.998,GHCND:US1WISC0010,METERS,-92.6669
,,,342.3,8/13/2012,10/10/2019,44.9585,"BALDWIN 0.3 SSW, WI US",0.0539,GHCND:US1WISC0012,METERS,-92.3737
,,,341.1,8/1/2009,10/11/2019,43.459,"ROCK SPRINGS 2.8 WSW, WI US",1,GHCND:US1WISK0002,METERS,-89.9654
,,,235.3,4/1/2010,4/14/2014,43.2808,"SAUK CITY 1.0 NW, WI US",0.5968,GHCND:US1WISK0003,METERS,-89.7434
,,,264.6,8/1/2010,7/1/2014,43.371,"PRAIRIE DU SAC 5.9 NNW, WI US",0.8542,GHCND:US1WISK0005,METERS,-89.7687
,,,408.4,3/1/2010,10/11/2019,46.1326,"HAYWARD 9.2 NNE, WI US",0.9998,GHCND:US1WISR0001,METERS,-91.405
,,,242.9,3/1/2007,10/4/2019,44.8492,"CECIL 5.6 ENE, WI US",0.972,GHCND:US1WISW0001,METERS,-88.3472
,,,235,7/1/2007,6/18/2010,44.0735,"GALESVILLE 1.5 WSW, WI US",0.3811,GHCND:US1WITR0002,METERS,-91.3835
,,,220.7,4/1/2011,10/10/2019,44.0271,"TREMPEALEAU 1.8 NW, WI US",0.6724,GHCND:US1WITR0003,METERS,-91.4579
,,,526.7,5/1/2012,7/17/2013,46.1435,"LAND O LAKES 7.7 WSW, WI US",0.666,GHCND:US1WIVL0001,METERS,-89.3752
,,,505.4,7/1/2012,9/12/2014,45.9245,"EAGLE RIVER 0.9 E, WI US",0.5184,GHCND:US1WIVL0002,METERS,-89.2397
,,,500.8,10/1/2012,12/5/2017,46.2578,"PRESQUE ISLE 0.8 NNW, WI US",0.5641,GHCND:US1WIVL0003,METERS,-89.7332
,,,295,6/30/2009,10/11/2019,43.6514,"HILLSBORO 0.5 WSW, WI US",0.0474,GHCND:US1WIVR0001,METERS,-90.3475
,,,404.8,4/1/2008,10/11/2019,45.8596,"STONE LAKE 2.0 NW, WI US",1,GHCND:US1WIWB0002,METERS,-91.5771
,,,326.7,6/17/1998,10/6/2019,44.4537,"VESPER 2.2 SSE, WI US",0.6,GHCND:US1WIWD0001,METERS,-89.9466
,,,311.2,8/1/2010,10/11/2019,44.3382,"WISCONSIN RAPIDS 4.6 SSE, WI US",0.9999,GHCND:US1WIWD0002,METERS,-89.782
,,,312.4,9/1/2010,10/11/2019,44.4412,"PITTSVILLE 0.1 NE, WI US",1,GHCND:US1WIWD0004,METERS,-90.1289
,,,332.5,4/1/2009,7/17/2013,44.1227,"WAUTOMA 4.7 NW, WI US",0.8652,GHCND:US1WIWH0002,METERS,-89.3508
,,,264.9,3/1/2007,8/13/2007,43.1129,"OCONOMOWOC 0.8 NW, WI US",0.998,GHCND:US1WIWK0001,METERS,-88.5065
,,,249,9/1/2007,11/8/2018,42.9847,"WAUKESHA 2.1 SSW, WI US",0.9321,GHCND:US1WIWK0004,METERS,-88.2531
,,,294.1,8/1/2007,10/7/2019,43.1456,"SUSSEX 0.8 NNE, WI US",0.9998,GHCND:US1WIWK0005,METERS,-88.2106
,,,264.9,7/1/2007,4/8/2010,43.0416,"BROOKFIELD 1.8 SSE, WI US",0.9999,GHCND:US1WIWK0007,METERS,-88.1006
,,,253,7/1/2007,9/22/2014,42.882,"BIG BEND 0.1 WNW, WI US",0.9996,GHCND:US1WIWK0008,METERS,-88.2046
,,,288,8/1/2007,1/17/2008,42.8737,"EAGLE 0.5 SW, WI US",0.998,GHCND:US1WIWK0009,METERS,-88.4784
,,,282.9,8/1/2007,11/2/2009,43.0303,"BROOKFIELD 3.4 SW, WI US",0.9991,GHCND:US1WIWK0010,METERS,-88.1712
,,,274,3/1/2009,9/27/2013,43.1036,"OCONOMOWOC 1.8 E, WI US",0.9994,GHCND:US1WIWK0011,METERS,-88.4619
,,,294.1,9/1/2007,11/25/2013,42.9934,"WAUKESHA 1.8 SE, WI US",1,GHCND:US1WIWK0012,METERS,-88.2144
,,,288.3,4/1/2008,5/30/2010,43.0196,"WAUKESHA 3.0 E, WI US",0.885,GHCND:US1WIWK0015,METERS,-88.1791
,,,239,8/1/2007,10/11/2019,42.8918,"MUSKEGO 1.0 W, WI US",0.9133,GHCND:US1WIWK0016,METERS,-88.1423
,,,267.6,5/1/2009,8/3/2010,43.0064,"WAUKESHA 2.0 WSW, WI US",0.7485,GHCND:US1WIWK0017,METERS,-88.2774
,,,263.3,3/1/2009,8/10/2011,43.1057,"OCONOMOWOC 0.2 N, WI US",0.8991,GHCND:US1WIWK0018,METERS,-88.4974
,,,238.4,4/1/2009,7/23/2013,42.9013,"MUSKEGO 0.8 NNE, WI US",0.9956,GHCND:US1WIWK0019,METERS,-88.1172
,,,254.2,7/1/2009,10/11/2019,42.8739,"MUKWONAGO 0.5 N, WI US",0.9134,GHCND:US1WIWK0020,METERS,-88.3318
,,,269.4,3/1/2010,2/13/2019,43.0591,"PEWAUKEE 3.8 WSW, WI US",0.9721,GHCND:US1WIWK0022,METERS,-88.3191
,,,270.4,5/1/2011,10/3/2019,43.0632,"OCONOMOWOC 4.5 SE, WI US",0.998,GHCND:US1WIWK0026,METERS,-88.4406
,,,280.4,12/1/2011,10/11/2019,43.1462,"OCONOMOWOC 4.6 NE, WI US",1,GHCND:US1WIWK0029,METERS,-88.4286
,,,305.1,1/1/2012,10/11/2019,43.1442,"SUSSEX 3.4 W, WI US",1,GHCND:US1WIWK0030,METERS,-88.2854
,,,252.7,3/1/2007,12/9/2013,44.2125,"NEENAH 4.4 NW, WI US",0.5727,GHCND:US1WIWN0001,METERS,-88.5296
,,,242,3/1/2007,5/23/2018,43.9375,"OSHKOSH 5.6 S, WI US",0.9996,GHCND:US1WIWN0002,METERS,-88.5425
,,,235.9,3/1/2007,2/4/2015,44.035,"OSHKOSH 1.3 NNE, WI US",1,GHCND:US1WIWN0004,METERS,-88.5435
,,,235.9,4/1/2007,10/11/2019,44.0935,"OSHKOSH 5.2 N, WI US",0.9998,GHCND:US1WIWN0005,METERS,-88.5531
,,,229.2,7/1/2008,10/11/2019,44.0207,"OMRO 2.3 WSW, WI US",1,GHCND:US1WIWN0007,METERS,-88.7797
,,,234.7,12/31/2012,10/11/2019,44.1737,"NEENAH 1.1 ENE, WI US",1,GHCND:US1WIWN0009,METERS,-88.4513
,,,245.1,6/1/2007,7/1/2016,44.3213,"WEYAUWEGA 0.1 S, WI US",0.9998,GHCND:US1WIWP0001,METERS,-88.9286
,,,281,4/1/2010,10/9/2019,44.4553,"OGDENSBURG 2.5 E, WI US",0.8054,GHCND:US1WIWP0003,METERS,-88.9813
,,,310.9,3/1/2007,10/11/2019,43.3241,"HARTFORD 3.8 E, WI US",0.5241,GHCND:US1WIWS0001,METERS,-88.3134
,,,273.1,7/1/2007,10/11/2019,43.3144,"JACKSON 0.5 SSE, WI US",0.9973,GHCND:US1WIWS0002,METERS,-88.1617
,,,294.1,7/15/2007,3/31/2016,43.2421,"HOLY HILL 2 E, WI US",0.9995,GHCND:US1WIWS0003,METERS,-88.2889
,,,321,7/1/2007,10/11/2019,43.5288,"KEWASKUM 1.8 WNW, WI US",0.9999,GHCND:US1WIWS0004,METERS,-88.2657
,,,270.7,3/1/2008,10/11/2019,43.3201,"JACKSON 0.2 WSW, WI US",0.9999,GHCND:US1WIWS0005,METERS,-88.1682
,,,286.8,11/1/2008,6/25/2018,43.3488,"JACKSON 1.9 N, WI US",1,GHCND:US1WIWS0006,METERS,-88.1598
,,,283.5,11/1/2008,3/27/2012,43.4445,"WEST BEND 1.5 N, WI US",1,GHCND:US1WIWS0008,METERS,-88.1814
,,,264.6,4/1/2010,8/17/2014,43.4134,"WEST BEND 1.8 ESE, WI US",0.7112,GHCND:US1WIWS0010,METERS,-88.1504
,,,292.9,8/1/2010,5/24/2017,43.4365,"WEST BEND 1.4 NE, WI US",0.7497,GHCND:US1WIWS0011,METERS,-88.1623
,,,248.4,6/1/1998,10/11/2019,42.8225,"EAST TROY 2.5 NNE, WI US",0.5957,GHCND:US1WIWW0001,METERS,-88.3805
,,,266.1,9/1/2008,10/11/2019,42.5917,"LAKE GENEVA 0.6 ENE, WI US",1,GHCND:US1WIWW0002,METERS,-88.4177
,,,280.1,2/7/2010,7/21/2018,42.7568,"ELKHORN 6.6 NNW, WI US",0.0965,GHCND:US1WIWW0004,METERS,-88.5962
,,,255.1,3/1/2010,12/31/2010,42.8222,"EAST TROY 4.6 ENE, WI US",0.998,GHCND:US1WIWW0005,METERS,-88.3206
,,,326.4,1899-02-01,8/31/2019,45.7858,"IRON MTN KINGSFORD WWTP, MI US",1,GHCND:USC00204090,METERS,-88.0841
,,,206.3,7/1/1948,10/11/2019,44.6103,"RED WING DAM 3, MN US",1,GHCND:USC00216822,METERS,-92.6101
,,,226.2,8/1/1987,10/11/2019,42.6475,"AFTON, WI US",1,GHCND:USC00470045,METERS,-89.0644
,,,291.4,2/1/2007,10/10/2019,43.42278,"ALLENTON, WI US",1,GHCND:USC00470080,METERS,-88.35194
,,,204.2,11/1/1936,10/10/2019,44.3271,"ALMA DAM 4, WI US",1,GHCND:USC00470124,METERS,-91.9194
,,,326.1,1/1/1922,8/31/2019,45.301,"AMERY, WI US",1,GHCND:USC00470175,METERS,-92.363
,,,463,1894-05-01,10/10/2019,45.16043,"ANTIGO, WI US",1,GHCND:USC00470239,METERS,-89.11304
,,,241.4,1893-01-01,10/11/2019,44.27703,"APPLETON, WI US",1,GHCND:USC00470265,METERS,-88.43772
,,,263.7,10/1/1971,10/2/2019,43.0411,"ARBORETUM UNIVERSITY WIS, WI US",1,GHCND:USC00470273,METERS,-89.4286
,,,242.3,3/1/2001,10/6/2019,42.6995,"ARGYLE, WI US",1,GHCND:USC00470287,METERS,-89.8694
,,,329.2,6/1/1962,10/11/2019,43.3008,"ARLINGTON UNIVERSITY FARM, WI US",1,GHCND:USC00470308,METERS,-89.3269
,,,251.8,7/1/1998,10/11/2019,46.5522,"ASHLAND 3 S, WI US",1,GHCND:USC00470347,METERS,-90.9161
,,,198.1,1893-03-01,10/10/2019,46.583,"ASHLAND EXPERIMENTAL FARM, WI US",1,GHCND:USC00470349,METERS,-90.9678
,,,292.6,3/1/2003,10/7/2019,44.6825,"AUGUSTA RANGER STATION, WI US",1,GHCND:USC00470382,METERS,-91.1357
,,,297.2,8/1/1948,8/30/2019,44.3077,"BABCOCK 1 WNW, WI US",1,GHCND:USC00470456,METERS,-90.1313
,,,335.3,6/1/1948,10/11/2019,44.9633,"BALDWIN, WI US",1,GHCND:USC00470486,METERS,-92.3905
,,,250.9,1893-01-01,10/11/2019,43.4583,"BARABOO, WI US",1,GHCND:USC00470516,METERS,-89.7269
,,,261.2,11/1/2011,10/10/2019,43.4708,"BARABOO RIVER, WI US",1,GHCND:USC00470519,METERS,-89.7594
,,,249.9,1893-01-01,12/31/2010,46.88333,"BAYFIELD 6 N, WI US",1,GHCND:USC00470603,METERS,-90.81667
,,,256,1893-01-01,10/11/2019,43.4447,"BEAVER DAM, WI US",1,GHCND:USC00470645,METERS,-88.8477
,,,210.9,10/1/2009,10/11/2019,43.5136,"BELGIUM WWTP, WI US",1,GHCND:USC00470652,METERS,-87.8547
,,,237.7,1893-01-01,10/11/2019,42.5038,"BELOIT, WI US",1,GHCND:USC00470696,METERS,-89.0311
,,,233.5,11/1/2004,10/11/2019,43.99,"BERLIN WWTP, WI US",1,GHCND:USC00470742,METERS,-88.9411
,,,367.3,2/1/1956,10/9/2019,45.5556,"BIG FALLS HYDRO, WI US",1,GHCND:USC00470773,METERS,-90.9592
,,,246.9,1893-01-01,10/11/2019,44.2903,"BLACK RIVER FALLS SEWAGE, WI US",1,GHCND:USC00470855,METERS,-90.8538
,,,260.6,2/1/1925,2/1/2011,44.2905,"BLAIR, WI US",1,GHCND:USC00470882,METERS,-91.23
,,,261.2,10/1/2009,5/8/2012,44.3125,"BLAIR 2 NW, WI US",1,GHCND:USC00470885,METERS,-91.26528
,,,253.9,1/1/1954,9/30/2012,42.8122,"BLANCHARDVILLE NUMBER 2, WI US",1,GHCND:USC00470892,METERS,-89.8622
,,,301.8,8/1/1944,10/11/2019,45.0907,"BLOOMER, WI US",1,GHCND:USC00470904,METERS,-91.4864
,,,320,6/1/1962,12/31/2010,42.95111,"BLUE MOUNDS 6 SSE, WI US",1,GHCND:USC00470929,METERS,-89.79028
,,,329.2,8/1/1948,12/31/2010,44.85583,"BOWLER, WI US",1,GHCND:USC00470991,METERS,-88.98889
,,,241.4,1/1/2010,12/31/2010,44.9958,"SURING, WI US",1,GHCND:USC00471044,METERS,-88.3786
,,,251.2,2/1/2007,10/11/2019,43.0519,"BROOKFIELD, WI US",1,GHCND:USC00471062,METERS,-88.1775
,,,246.9,9/1/1924,10/11/2019,44.1613,"BRILLION, WI US",1,GHCND:USC00471064,METERS,-88.0802
,,,240.8,1897-11-01,10/11/2019,42.6333,"BRODHEAD, WI US",1,GHCND:USC00471078,METERS,-89.3866
,,,304.8,5/1/1928,8/31/2019,46.5378,"BRULE RANGER STATION, WI US",1,GHCND:USC00471131,METERS,-91.5919
,,,504.7,6/1/1948,5/31/2011,46.03,"BUCKATABON, WI US",1,GHCND:USC00471155,METERS,-89.30861
,,,228.9,8/1/1948,10/11/2019,42.6508,"BURLINGTON, WI US",1,GHCND:USC00471205,METERS,-88.2544
,,,478.5,11/1/1997,10/11/2019,45.9808,"BUTTERNUT 3 SW, WI US",1,GHCND:USC00471249,METERS,-90.5416
,,,417.6,5/1/1949,10/31/2012,43.7446,"CASHTON, WI US",1,GHCND:USC00471280,METERS,-90.7783
,,,239.9,10/1/2008,3/31/2014,43.295,"CEDARBURG 1 E, WI US",1,GHCND:USC00471304,METERS,-87.9725
,,,251.5,6/1/1948,10/11/2019,44.9355,"CEDAR FALLS HYDRO PLANT, WI US",1,GHCND:USC00471308,METERS,-91.8885
,,,277.4,8/1/1959,10/11/2019,43.0596,"CHARMANY FARM, WI US",1,GHCND:USC00471416,METERS,-89.4819
,,,256,1894-01-01,10/11/2019,44.03279,"CHILTON, WI US",1,GHCND:USC00471568,METERS,-88.14683
,,,249.9,1889-01-01,10/10/2019,44.9277,"CHIPPEWA FALLS, WI US",1,GHCND:USC00471578,METERS,-91.4081
,,,456.6,5/1/2007,10/11/2019,46.16944,"CLAM LAKE 4 W, WI US",1,GHCND:USC00471604,METERS,-90.98083
,,,185,9/1/2008,10/11/2019,43.7186,"CITY OF SHEBOYGAN WWTP, WI US",1,GHCND:USC00471605,METERS,-87.7088
,,,419.7,8/1/1998,2/1/2009,46.0464,"CLAM LAKE 10 SW, WI US",0.9993,GHCND:USC00471618,METERS,-91.0703
,,,292.6,8/1/1948,10/11/2019,42.5491,"CLINTON, WI US",1,GHCND:USC00471667,METERS,-88.8752
,,,244.4,8/1/1948,10/11/2019,44.6227,"CLINTONVILLE, WI US",1,GHCND:USC00471676,METERS,-88.7483
,,,274.9,10/1/2007,10/2/2019,43.3125,"CLYMAN, WI US",1,GHCND:USC00471681,METERS,-88.7197
,,,264,11/1/1910,3/1/2016,43.0769,"COTTAGE GROVE, WI US",1,GHCND:USC00471840,METERS,-89.1911
,,,396.2,8/1/1948,10/10/2019,45.8003,"COUDERAY 7 W, WI US",1,GHCND:USC00471847,METERS,-91.4594
,,,289.6,6/1/1948,10/11/2019,45.35807,"CRIVITZ HIGH FALLS, WI US",1,GHCND:USC00471897,METERS,-88.19222
,,,296.6,7/1/1927,10/11/2019,42.6001,"CUBA CITY, WI US",1,GHCND:USC00471913,METERS,-90.4237
,,,378,12/1/1931,10/11/2019,45.5331,"CUMBERLAND, WI US",1,GHCND:USC00471923,METERS,-92.0226
,,,262.1,8/1/1944,12/31/2010,43.6561,"DALTON, WI US",1,GHCND:USC00471970,METERS,-89.2027
,,,289.6,9/1/1919,3/1/2016,46.0087,"DANBURY, WI US",1,GHCND:USC00471978,METERS,-92.3735
,,,283.5,2/1/1901,10/11/2019,42.678,"DARLINGTON, WI US",1,GHCND:USC00472001,METERS,-90.1063
,,,280.7,6/1/2011,10/10/2019,42.6344,"WALWORTH CO METRO SEWERAGE DIST, WI US",1,GHCND:USC00472051,METERS,-88.6628
,,,247.2,7/1/2007,10/11/2019,44.3514,"DENMARK WWTP, WI US",1,GHCND:USC00472055,METERS,-87.812
,,,208.8,7/1/1948,10/31/2014,44.133,"DODGE, WI US",1,GHCND:USC00472165,METERS,-91.5511
,,,338.3,1896-08-01,10/8/2019,42.9608,"DODGEVILLE, WI US",1,GHCND:USC00472173,METERS,-90.1161
,,,408.4,8/1/1948,12/31/2010,46.33333,"DRUMMOND, WI US",1,GHCND:USC00472240,METERS,-91.26667
,,,214.9,3/1/1935,10/11/2019,44.6197,"DURAND, WI US",1,GHCND:USC00472279,METERS,-91.9795
,,,494.7,11/1/1939,10/6/2019,45.9169,"EAGLE RIVER, WI US",1,GHCND:USC00472314,METERS,-89.2563
,,,256,10/1/2001,2/28/2003,42.79806,"EAST TROY AIRPORT, WI US",1,GHCND:USC00472412,METERS,-88.38028
,,,254.2,3/1/2008,10/5/2011,42.7844,"EAST TROY, WI US",1,GHCND:USC00472413,METERS,-88.3955
,,,268.2,2/1/2000,10/9/2019,44.7878,"EAU CLAIRE 3 SW, WI US",1,GHCND:USC00472425,METERS,-91.5165
,,,356.6,1/1/1948,10/11/2019,44.7722,"EAU PLEINE RESERVOIR, WI US",1,GHCND:USC00472447,METERS,-89.76745
,,,313.9,3/1/1908,10/11/2019,44.7303,"ELLSWORTH 1 E, WI US",1,GHCND:USC00472556,METERS,-92.4586
,,,223.4,6/1/2008,10/11/2019,45.17079,"EPHRAIM 1NE WWTP, WI US",1,GHCND:USC00472626,METERS,-87.15377
,,,329.2,8/1/1948,8/31/2002,44.6,"FAIRCHILD RANGER STATION, WI US",0.9969,GHCND:USC00472678,METERS,-90.96667
,,,396.2,12/1/1997,10/3/2019,45.93364,"FLORENCE, WI US",1,GHCND:USC00472826,METERS,-88.25828
,,,231.6,1893-01-01,10/7/2019,43.7952,"FOND DU LAC, WI US",1,GHCND:USC00472839,METERS,-88.4533
,,,242.3,1/1/2010,10/10/2019,43.7666,"FOND DU LAC 2 SW, WI US",1,GHCND:USC00472842,METERS,-88.4669
,,,210.3,9/1/2002,10/11/2019,44.6998,"FORESTVILLE 4E, WI US",1,GHCND:USC00472851,METERS,-87.39693
,,,243.8,9/1/1941,10/11/2019,42.905,"FORT ATKINSON, WI US",1,GHCND:USC00472869,METERS,-88.8588
,,,284.1,11/1/1963,8/31/2018,46.4856,"FOXBORO, WI US",1,GHCND:USC00472889,METERS,-92.2875
,,,288,1/1/1930,10/11/2019,43.975,"FRIENDSHIP, WI US",1,GHCND:USC00472973,METERS,-89.8309
,,,245.4,12/1/2009,1/18/2014,44.0949,"GALESVILLE 2 ESE, WI US",1,GHCND:USC00472992,METERS,-91.2922
,,,233.2,8/1/1938,12/31/2010,44.0757,"GALESVILLE 1 S, WI US",1,GHCND:USC00472996,METERS,-91.341
,,,210,4/1/1981,10/8/2019,43.3145,"GAYS MILLS, WI US",1,GHCND:USC00473022,METERS,-90.8486
,,,194.8,11/1/1936,10/11/2019,43.5705,"GENOA DAM 8, WI US",1,GHCND:USC00473038,METERS,-91.2295
,,,259.1,2/1/2000,10/1/2009,42.5,"GENOA CITY, WI US",0.9995,GHCND:USC00473040,METERS,-88.3786
,,,259.1,6/1/1944,10/11/2019,43.2388,"GERMANTOWN, WI US",1,GHCND:USC00473058,METERS,-88.1222
,,,221.6,7/1/2001,10/11/2019,43.6561,"GIBBSVILLE, WI US",1,GHCND:USC00473116,METERS,-87.8144
,,,441.4,10/1/1959,12/31/2010,45.62139,"GOODMAN SANITARY DISTRICT, WI US",1,GHCND:USC00473174,METERS,-88.36028
,,,423.7,6/1/1948,1/15/2011,45.149,"GOODRICH 1 E, WI US",1,GHCND:USC00473182,METERS,-90.0668
,,,317,9/1/1951,10/1/2019,46.245,"GORDON, WI US",1,GHCND:USC00473186,METERS,-91.8047
,,,225.9,4/1/2009,10/11/2019,43.308,"GRAFTON WWTP, WI US",0.9999,GHCND:USC00473198,METERS,-87.9552
,,,207.9,1/1/2004,10/11/2019,44.49824,"GREEN BAY WEATHER FORECAST OFFICE, WI US",1,GHCND:USC00473268,METERS,-88.11205
,,,211.5,12/1/1999,10/11/2019,44.533,"GREEN BAY BOTANICAL, WI US",1,GHCND:USC00473271,METERS,-88.098
,,,355.1,7/1/1952,6/4/2019,46.4859,"GURNEY, WI US",1,GHCND:USC00473332,METERS,-90.4373
,,,218.8,10/1/2004,10/10/2019,42.9375,"HALES CORNERS WHITNALL PK, WI US",1,GHCND:USC00473391,METERS,-88.0297
,,,332.8,1/1/1903,10/11/2019,44.11869,"HANCOCK EXPERIMENTAL FARM, WI US",1,GHCND:USC00473405,METERS,-89.53587
,,,298.7,1893-12-01,10/11/2019,43.3311,"HARTFORD 2 W, WI US",1,GHCND:USC00473453,METERS,-88.4113
,,,271.9,8/1/1908,12/31/2010,44.4169,"HATFIELD, WI US",1,GHCND:USC00473471,METERS,-90.7314
,,,365.8,1893-03-01,8/31/2019,46.0002,"HAYWARD RANGER STATION, WI US",1,GHCND:USC00473511,METERS,-91.5074
,,,509.9,1/1/1999,10/11/2019,45.67347,"ARGONNE 1.5 NW, WI US",1,GHCND:USC00473636,METERS,-88.90426
,,,301.8,1/1/2011,1/31/2012,43.64667,"HILLSBORO 1 SW, WI US",1,GHCND:USC00473651,METERS,-90.3525
,,,286.5,8/1/1948,9/1/2013,43.6541,"HILLSBORO, WI US",1,GHCND:USC00473654,METERS,-90.3339
,,,237.1,7/1/2001,10/10/2019,43.6408,"HINGHAM, WI US",1,GHCND:USC00473661,METERS,-87.905
,,,266.1,1/1/2003,2/5/2006,44.63056,"HOFA PARK, WI US",1,GHCND:USC00473680,METERS,-88.32722
,,,322.2,8/1/1929,10/11/2019,45.2237,"HOLCOMBE, WI US",1,GHCND:USC00473698,METERS,-91.127
,,,294.1,7/1/2007,3/31/2016,43.2422,"HOLY HILL 2 E, WI US",1,GHCND:USC00473702,METERS,-88.2888
,,,268.2,11/1/1970,10/11/2019,43.4406,"HORICON, WI US",1,GHCND:USC00473756,METERS,-88.6325
,,,440.1,6/1/1987,10/11/2019,46.4625,"HURLEY, WI US",1,GHCND:USC00473800,METERS,-90.1955
,,,263.3,11/1/2005,9/30/2018,43.34,"HUSTISFORD WWTP, WI US",1,GHCND:USC00473820,METERS,-88.6005
,,,275.2,3/1/2008,10/11/2019,43.3194,"JACKSON, WI US",1,GHCND:USC00473930,METERS,-88.168
,,,326.1,3/1/2008,10/11/2019,45.08272,"JIM FALLS 3 NW, WI US",1,GHCND:USC00474027,METERS,-91.33133
,,,385.6,8/1/1948,6/16/2015,45.3497,"JUMP RIVER 3 E, WI US",1,GHCND:USC00474080,METERS,-90.7484
,,,239.9,9/1/2004,10/11/2019,42.9944,"JEFFERSON WWTP, WI US",1,GHCND:USC00474108,METERS,-88.8041
,,,182.9,2/1/1944,10/10/2019,42.5608,"KENOSHA, WI US",1,GHCND:USC00474174,METERS,-87.8155
,,,180.7,12/1/1908,10/11/2019,44.4628,"KEWAUNEE, WI US",1,GHCND:USC00474195,METERS,-87.50491
,,,201.2,1/1/1999,10/11/2019,43.867,"LA CROSSE 4 NNW, WI US",1,GHCND:USC00474366,METERS,-91.2725
,,,398.4,1/1/2000,10/10/2019,43.8225,"LA CROSSE WEATHER FORECAST OFFICE, WI US",1,GHCND:USC00474373,METERS,-91.1915
,,,192,1883-01-01,4/1/2015,43.81222,"LA CROSSE RIVER, WI US",1,GHCND:USC00474379,METERS,-91.25778
,,,536.4,4/1/1908,10/11/2019,46.1211,"LAC VIEUX DESERT, WI US",1,GHCND:USC00474383,METERS,-89.0758
,,,344.4,4/1/1901,9/30/2019,45.4651,"LADYSMITH 3 W, WI US",1,GHCND:USC00474391,METERS,-91.1236
,,,356.6,8/1/1948,10/10/2019,45.4429,"LADYSMITH WTP, WI US",0.1385,GHCND:USC00474396,METERS,-91.08978
,,,243.5,1/1/1940,10/11/2019,43.57341,"LA FARGE, WI US",1,GHCND:USC00474404,METERS,-90.63203
,,,270.7,10/1/2001,12/1/2015,43.5825,"LA VALLE, WI US",1,GHCND:USC00474422,METERS,-90.11806
,,,347.5,2/1/2007,8/19/2014,43.6391,"LA VALLE 4 NNE, WI US",0.9991,GHCND:USC00474424,METERS,-90.1077
,,,257.9,4/1/1945,8/31/2019,42.59361,"LAKE GENEVA, WI US",1,GHCND:USC00474457,METERS,-88.43472
,,,249,1893-01-01,10/11/2019,43.0802,"LAKE MILLS, WI US",1,GHCND:USC00474482,METERS,-88.8966
,,,364.5,8/1/1968,12/31/2010,45.33333,"LAKEWOOD 3 NE, WI US",1,GHCND:USC00474523,METERS,-88.49806
,,,383.4,6/1/2008,9/30/2014,45.3102,"LAKEWOOD SANITARY DISTRICT, WI US",1,GHCND:USC00474530,METERS,-88.518
,,,317,1893-01-01,10/10/2019,42.8278,"LANCASTER 4 WSW, WI US",1,GHCND:USC00474546,METERS,-90.7889
,,,516.6,9/1/1927,12/31/2015,45.5119,"LAONA 6 SW, WI US",1,GHCND:USC00474582,METERS,-88.7594
,,,251.2,10/1/2005,10/11/2019,43.3216,"LODI, WI US",1,GHCND:USC00474790,METERS,-89.5311
,,,371.9,5/1/1971,10/10/2019,45.5733,"LUCK, WI US",1,GHCND:USC00474894,METERS,-92.4852
,,,192.9,11/1/1936,10/11/2019,43.2118,"LYNXVILLE DAM 9, WI US",1,GHCND:USC00474937,METERS,-91.0985
,,,201.2,6/1/1944,10/10/2019,46.778,"MADELINE ISLAND, WI US",1,GHCND:USC00474953,METERS,-90.7654
,,,178,1893-01-01,10/10/2019,44.08688,"MANITOWOC, WI US",1,GHCND:USC00475017,METERS,-87.65219
,,,179.5,2/1/1919,10/11/2019,45.09828,"MARINETTE, WI US",1,GHCND:USC00475091,METERS,-87.62358
,,,262.4,2/1/2007,10/11/2019,43.7028,"MARKESAN, WI US",1,GHCND:USC00475096,METERS,-88.9989
,,,377,12/1/1912,10/11/2019,44.64113,"MARSHFIELD EXPERIMENTAL FARM, WI US",1,GHCND:USC00475120,METERS,-90.13332
,,,286.5,3/1/1953,5/1/2014,42.5058,"MARTINTOWN 2 E, WI US",0.668,GHCND:USC00475148,METERS,-89.7572
,,,298.1,8/1/1903,10/7/2019,44.1746,"MATHER 3 NW, WI US",1,GHCND:USC00475164,METERS,-90.3482
,,,263.7,1/1/1905,10/10/2019,43.7899,"MAUSTON 1 SE, WI US",1,GHCND:USC00475178,METERS,-90.0597
,,,232.3,11/1/2001,10/7/2019,43.1708,"MAZOMANIE, WI US",1,GHCND:USC00475189,METERS,-89.8191
,,,448.1,1889-06-01,10/11/2019,45.1307,"MEDFORD, WI US",1,GHCND:USC00475255,METERS,-90.3438
,,,396.2,9/1/1926,7/31/2018,46.3689,"MELLEN 4 NE, WI US",1,GHCND:USC00475286,METERS,-90.6417
,,,237.7,8/1/1948,10/7/2019,44.8743,"MENOMONIE, WI US",1,GHCND:USC00475335,METERS,-91.9364
,,,487.7,1/1/1940,1/28/2019,46.1683,"MERCER RANGER STATION, WI US",0.2404,GHCND:USC00475352,METERS,-90.0722
,,,381,8/1/1905,10/11/2019,45.17849,"MERRILL, WI US",1,GHCND:USC00475364,METERS,-89.66154
,,,293.2,1/1/2011,10/10/2019,43.0854,"MIDDLETON, WI US",1,GHCND:USC00475471,METERS,-89.5171
,,,267,10/1/2007,10/11/2019,42.7797,"MILTON, WI US",1,GHCND:USC00475473,METERS,-88.9441
,,,221.3,10/1/1946,3/3/2019,43.0719,"MILWAUKEE MOUNT MARY COLLEGE, WI US",1,GHCND:USC00475474,METERS,-88.0294
,,,223.7,1/1/2010,10/11/2019,43.1086,"MILWAUKEE TIMMERMAN AIRPORT, WI US",1,GHCND:USC00475499,METERS,-88.0306
,,,488,9/1/1903,10/10/2019,45.8865,"MINOCQUA, WI US",1,GHCND:USC00475516,METERS,-89.7322
,,,329.2,8/1/1948,4/30/2017,46.1006,"MINONG RANGER STATION, WI US",0.0432,GHCND:USC00475524,METERS,-91.8178
,,,327.7,7/1/1961,12/31/2010,46.06667,"MINONG 5 WSW, WI US",1,GHCND:USC00475525,METERS,-91.86667
,,,253,4/1/1908,10/10/2019,44.5647,"MONDOVI, WI US",1,GHCND:USC00475563,METERS,-91.6719
,,,301.8,8/1/1948,10/8/2019,42.5994,"MONROE 1 W, WI US",1,GHCND:USC00475573,METERS,-89.668
,,,239.6,9/1/1954,10/11/2019,43.7805,"MONTELLO, WI US",1,GHCND:USC00475581,METERS,-89.3169
,,,314.2,2/1/2007,10/11/2019,42.988,"MOUNT HOREB, WI US",1,GHCND:USC00475674,METERS,-89.7419
,,,281,5/1/1953,10/1/2014,44.0261,"NECEDAH 2 SE, WI US",1,GHCND:USC00475786,METERS,-90.0813
,,,329.2,1893-01-01,10/11/2019,44.5378,"NEILLSVILLE 3 ESE, WI US",1,GHCND:USC00475808,METERS,-90.535
,,,243.8,1896-03-01,10/11/2019,44.3587,"NEW LONDON, WI US",1,GHCND:USC00475932,METERS,-88.71877
,,,490.7,6/1/1948,12/31/2010,45.63583,"NORTH PELICAN, WI US",1,GHCND:USC00476122,METERS,-89.24167
,,,260.9,1893-01-01,10/9/2019,43.1002,"OCONOMOWOC, WI US",1,GHCND:USC00476200,METERS,-88.5036
,,,201.2,1893-01-01,10/4/2019,44.89186,"OCONTO 4 W, WI US",1,GHCND:USC00476208,METERS,-87.95491
,,,292.6,7/1/1975,10/10/2019,43.7194,"ONTARIO 3 E, WI US",1,GHCND:USC00476280,METERS,-90.5301
,,,228.6,1893-01-01,10/11/2019,44.02055,"OSHKOSH, WI US",1,GHCND:USC00476330,METERS,-88.55783
,,,390.1,7/1/1946,12/30/2016,44.9801,"OWEN 3 W, WI US",1,GHCND:USC00476357,METERS,-90.5544
,,,290.2,6/1/2003,3/1/2016,43.8619,"OXFORD 6 N, WI US",0.9993,GHCND:USC00476360,METERS,-89.5619
,,,236.2,2/1/2005,12/31/2018,42.5805,"PADDOCK LAKE, WI US",1,GHCND:USC00476380,METERS,-88.0902
,,,464.8,5/1/1910,10/11/2019,45.9336,"PARK FALLS DNR HQ, WI US",1,GHCND:USC00476398,METERS,-90.4506
,,,335.3,5/1/1998,8/31/2019,46.5372,"PATTISON STATE PARK, WI US",1,GHCND:USC00476413,METERS,-92.1186
,,,256,3/1/2007,10/11/2019,42.53194,"PELL LAKE, WI US",1,GHCND:USC00476420,METERS,-88.3325
,,,182.9,8/1/1948,10/11/2019,45.02817,"PESHTIGO, WI US",1,GHCND:USC00476510,METERS,-87.73588
,,,542.5,3/1/1910,10/8/2019,46.0663,"PHELPS, WI US",1,GHCND:USC00476518,METERS,-89.0752
,,,301.8,3/1/1936,11/1/2015,42.7488,"PLATTEVILLE, WI US",1,GHCND:USC00476646,METERS,-90.4655
,,,254.2,3/1/1910,10/7/2019,43.73,"PLYMOUTH, WI US",1,GHCND:USC00476678,METERS,-87.9713
,,,236.2,1889-01-01,10/11/2019,43.5277,"PORTAGE, WI US",1,GHCND:USC00476718,METERS,-89.4341
,,,198.4,7/1/1947,12/31/2010,46.7781,"PORT WING, WI US",1,GHCND:USC00476772,METERS,-91.3856
,,,243.5,9/1/2003,1/1/2009,43.41222,"POYNETTE 7 WNW, WI US",0.9993,GHCND:USC00476796,METERS,-89.53083
,,,200.6,1893-01-01,10/11/2019,43.0515,"PRAIRIE DU CHIEN, WI US",1,GHCND:USC00476827,METERS,-91.1349
,,,237.7,3/1/1908,3/1/2016,43.31,"PRAIRIE DU SAC 2 N, WI US",1,GHCND:USC00476838,METERS,-89.72833
,,,475.5,8/1/1948,8/31/2019,45.54631,"PRENTICE, WI US",0.0473,GHCND:USC00476854,METERS,-90.31286
,,,469.4,1898-05-01,3/1/2016,45.5447,"PRENTICE NUMBER 2, WI US",1,GHCND:USC00476859,METERS,-90.3017
,,,240.5,6/1/2006,10/11/2019,44.6774,"PULASKI WWTP, WI US",1,GHCND:USC00476874,METERS,-88.2275
,,,181.4,1896-05-01,10/11/2019,42.7022,"RACINE, WI US",1,GHCND:USC00476922,METERS,-87.7861
,,,487.7,1/1/2010,12/31/2010,45.8341,"RAINBOW RSVR LK TOMAHAWK, WI US",1,GHCND:USC00476939,METERS,-89.5472
,,,225.6,4/1/1954,5/23/2019,43.4494,"READSTOWN, WI US",1,GHCND:USC00477015,METERS,-90.765
,,,232.3,8/1/2011,1/24/2017,43.4797,"READSTOWN 4 NE, WI US",1,GHCND:USC00477016,METERS,-90.6933
,,,282.2,1893-01-01,10/11/2019,43.523,"REEDSBURG, WI US",1,GHCND:USC00477052,METERS,-90.0002
,,,491.3,3/1/1913,10/11/2019,46.1222,"REST LAKE, WI US",1,GHCND:USC00477092,METERS,-89.8772
,,,479.1,1893-02-01,10/10/2019,45.59852,"RHINELANDER, WI US",1,GHCND:USC00477113,METERS,-89.45081
,,,483.4,12/1/2001,10/11/2019,45.65278,"RHINELANDER 4 NE, WI US",1,GHCND:USC00477115,METERS,-89.3075
,,,490.4,9/1/2006,10/10/2019,45.6222,"RHINELANDER WJFW TV 12, WI US",1,GHCND:USC00477118,METERS,-89.41
,,,393.2,6/1/1948,12/31/2010,44.96722,"RIB FALLS, WI US",1,GHCND:USC00477121,METERS,-89.89611
,,,336.2,8/1/1948,10/10/2019,45.41669,"RICE LAKE, WI US",1,GHCND:USC00477132,METERS,-91.77247
,,,445,6/1/1948,2/24/2019,45.5397,"RICE RESERVOIR TOMAHAWK, WI US",1,GHCND:USC00477140,METERS,-89.7477
,,,445,6/1/1998,10/11/2019,45.5377,"RICE RESERVOIR TOMAHAWK 2, WI US",1,GHCND:USC00477142,METERS,-89.7322
,,,299.9,1/1/2010,10/11/2019,43.2111,"RICHFIELD 3 SSW, WI US",1,GHCND:USC00477148,METERS,-88.2091
,,,221.9,1/1/1908,11/15/2015,43.3314,"RICHLAND CENTER, WI US",1,GHCND:USC00477158,METERS,-90.3888
,,,329.2,8/1/1948,8/31/2019,45.2141,"RIDGELAND 1 NNE, WI US",1,GHCND:USC00477174,METERS,-91.8876
,,,283.5,8/1/1946,10/8/2015,43.8863,"RIPON 5 NE, WI US",1,GHCND:USC00477209,METERS,-88.7444
,,,286.5,4/1/1918,10/8/2019,44.8544,"RIVER FALLS, WI US",1,GHCND:USC00477226,METERS,-92.6122
,,,298.7,2/1/2007,10/11/2019,44.9707,"ROBERTS WWTP, WI US",1,GHCND:USC00477230,METERS,-92.562
,,,238.7,8/1/2011,10/11/2019,42.7269,"ROCHESTER WWTP, WI US",1,GHCND:USC00477314,METERS,-88.2258
,,,384,1/1/1992,12/31/2010,43.445,"ROCK SPRINGS 3 SW, WI US",1,GHCND:USC00477319,METERS,-89.96972
,,,360.6,5/1/1941,8/31/2019,44.7511,"ROSHOLT 9 NNE, WI US",1,GHCND:USC00477349,METERS,-89.245
,,,228.6,1/1/1950,10/11/2019,45.4117,"ST. CROIX FALLS, WI US",1,GHCND:USC00477464,METERS,-92.6466
,,,500.8,12/1/1971,10/11/2019,45.9155,"ST GERMAIN, WI US",1,GHCND:USC00477480,METERS,-89.4894
,,,227.1,1/1/2008,10/8/2019,43.2619,"SAUK CITY WWTP, WI US",1,GHCND:USC00477576,METERS,-89.735
,,,230.1,10/1/2009,10/11/2019,43.375,"SAUKVILLE WWTP, WI US",1,GHCND:USC00477581,METERS,-87.94028
,,,245.7,1893-01-01,10/11/2019,44.76306,"SHAWANO 2 SSW, WI US",1,GHCND:USC00477708,METERS,-88.61838
,,,197.5,1899-09-01,10/1/2013,43.75,"SHEBOYGAN, WI US",1,GHCND:USC00477725,METERS,-87.71667
,,,341.4,6/1/1992,12/7/2016,45.3065,"SHELDON, WI US",1,GHCND:USC00477745,METERS,-90.9606
,,,234.7,5/1/1941,10/11/2019,44.4388,"SHIOCTON, WI US",1,GHCND:USC00477761,METERS,-88.5838
,,,313.6,5/1/2010,10/11/2019,43.33389,"SLINGER WWTP, WI US",0.9997,GHCND:USC00477796,METERS,-88.29778
,,,216.4,8/1/1978,6/1/2014,43.3943,"SOLDIERS GROVE, WI US",1,GHCND:USC00477869,METERS,-90.7757
,,,344.4,5/1/1906,5/30/2015,46.3576,"SOLON SPRINGS, WI US",1,GHCND:USC00477892,METERS,-91.8318
,,,198.1,8/1/2006,10/11/2019,42.9011,"SOUTH MILWAUKEE WWTP, WI US",1,GHCND:USC00477964,METERS,-87.8494
,,,238.4,1893-01-01,10/11/2019,43.9365,"SPARTA, WI US",1,GHCND:USC00477997,METERS,-90.8163
,,,453.8,6/1/1948,7/31/2012,45.4566,"SPIRIT FALLS, WI US",1,GHCND:USC00478018,METERS,-89.9691
,,,335.3,1894-04-01,10/11/2019,45.8236,"SPOONER EXPERIMENTAL FARM, WI US",1,GHCND:USC00478027,METERS,-91.8761
,,,278.9,3/1/1949,7/31/2010,44.841,"SPRING VALLEY, WI US",0.8372,GHCND:USC00478080,METERS,-92.2455
,,,280.4,1/1/2010,3/7/2014,44.8412,"SPRING VALLEY DOWNTOWN, WI US",0.9993,GHCND:USC00478081,METERS,-92.2393
,,,329.2,9/1/1903,11/1/2015,44.9529,"STANLEY WWTP, WI US",1,GHCND:USC00478110,METERS,-90.927
,,,326.1,1/1/2011,9/24/2012,44.95889,"STANLEY 2, WI US",0.9992,GHCND:USC00478111,METERS,-90.94889
,,,309.4,12/1/1971,10/11/2019,43.1343,"STEUBEN 4 SE, WI US",1,GHCND:USC00478164,METERS,-90.8372
,,,328.9,1893-01-01,10/11/2019,44.5115,"STEVENS POINT, WI US",1,GHCND:USC00478171,METERS,-89.5853
,,,320,12/1/2003,10/11/2019,44.86989,"STOCKBRIDGE MUNSEE RESERVATION, WI US",1,GHCND:USC00478190,METERS,-88.90443
,,,256,2/1/1931,10/11/2019,42.9108,"STOUGHTON, WI US",1,GHCND:USC00478229,METERS,-89.2133
,,,375.2,6/1/1948,10/11/2019,44.8175,"STRATFORD 1 NW, WI US",1,GHCND:USC00478241,METERS,-90.0899
,,,213.1,3/1/1905,10/11/2019,44.8799,"STURGEON BAY EXPERIMENTAL FARM, WI US",1,GHCND:USC00478267,METERS,-87.33578
,,,489.2,3/1/1910,12/31/2010,45.8647,"SUGAR CAMP, WI US",1,GHCND:USC00478288,METERS,-89.3819
,,,284.4,1/1/1995,10/11/2019,42.9675,"MILWAUKEE WSFO DOUSMAN, WI US",1,GHCND:USC00478316,METERS,-88.5497
,,,527.9,8/1/1948,10/11/2019,45.3788,"SUMMIT LAKE, WI US",1,GHCND:USC00478324,METERS,-89.1941
,,,289.6,1/1/2002,6/30/2003,43.19361,"SUN PRAIRIE 3 W, WI US",1,GHCND:USC00478329,METERS,-89.28222
,,,185,1/1/1909,10/10/2019,46.727,"SUPERIOR, WI US",1,GHCND:USC00478349,METERS,-92.072
,,,241.4,4/1/1998,10/11/2019,44.9958,"SURING, WI US",1,GHCND:USC00478376,METERS,-88.3786
,,,267.9,11/1/2005,10/4/2019,43.4719,"TOWN OF WESTFORD, WI US",1,GHCND:USC00478540,METERS,-88.8824
,,,179.5,10/1/1950,10/11/2019,44.143,"TWO RIVERS, WI US",1,GHCND:USC00478672,METERS,-87.5677
,,,222.5,6/1/1941,10/11/2019,42.6902,"UNION GROVE, WI US",1,GHCND:USC00478723,METERS,-88.0336
,,,456.3,8/1/1998,10/10/2019,46.3678,"UPSON, WI US",1,GHCND:USC00478750,METERS,-90.4122
,,,382.5,1893-01-01,10/11/2019,43.5595,"VIROQUA, WI US",1,GHCND:USC00478827,METERS,-90.876
,,,209.1,10/1/1944,10/11/2019,45.3582,"WASHINGTON IS, WI US",1,GHCND:USC00478905,METERS,-86.891
,,,245.1,2/1/2007,10/11/2019,43.1877,"WATERLOO, WI US",1,GHCND:USC00478910,METERS,-88.9844
,,,251.5,1893-01-01,10/11/2019,43.1741,"WATERTOWN, WI US",1,GHCND:USC00478919,METERS,-88.7363
,,,286.5,7/1/1993,5/1/2013,43.47028,"WAUBEKA, WI US",0.8744,GHCND:USC00478932,METERS,-87.98361
,,,253,1893-01-01,9/30/2019,43.0063,"WAUKESHA, WI US",1,GHCND:USC00478937,METERS,-88.2491
,,,255.1,1895-04-01,10/11/2019,44.35475,"WAUPACA, WI US",1,GHCND:USC00478951,METERS,-89.05951
,,,364.8,9/1/2001,8/31/2019,44.9464,"WAUSAU WSAW TV, WI US",1,GHCND:USC00478969,METERS,-89.6222
,,,227.1,1897-01-01,10/11/2019,45.3802,"WAUSAUKEE, WI US",1,GHCND:USC00478978,METERS,-87.9566
,,,321.9,1/1/2005,6/1/2009,44.1405,"WAUTOMA 4 N, WI US",0.9991,GHCND:USC00478984,METERS,-89.2977
,,,264.9,8/1/2009,10/11/2019,44.0411,"WAUTOMA SILVER LAKE SAN DIST, WI US",1,GHCND:USC00478987,METERS,-89.2433
,,,306.3,6/1/1998,8/31/2018,45.7883,"WEBSTER 9 SE, WI US",1,GHCND:USC00479012,METERS,-92.2325
,,,220.4,10/1/1951,12/1/2011,43.0175,"WEST ALLIS, WI US",1,GHCND:USC00479046,METERS,-88.0017
,,,286.5,1895-01-01,12/31/2010,43.36806,"WEST BEND, WI US",1,GHCND:USC00479050,METERS,-88.08583
,,,299,3/1/2009,10/11/2019,43.4105,"WEST BEND PUBLIC WORKS, WI US",0.9997,GHCND:USC00479052,METERS,-88.1938
,,,273.1,8/1/2002,10/11/2019,43.4319,"WEST BEND FIRE STATION, WI US",1,GHCND:USC00479053,METERS,-88.1605
,,,390.8,4/1/1956,10/11/2019,43.6749,"WESTBY 3 ENE, WI US",1,GHCND:USC00479062,METERS,-90.8077
,,,364.2,10/1/1906,12/31/2010,45.4426,"WEYERHAEUSER 1 N, WI US",1,GHCND:USC00479144,METERS,-91.4181
,,,361.2,7/1/2011,8/31/2013,45.4283,"WEYERHAEUSER 2, WI US",0.9986,GHCND:USC00479145,METERS,-91.4204
,,,392.9,10/1/1931,10/11/2019,45.1452,"WHITE LAKE 1 SE, WI US",1,GHCND:USC00479176,METERS,-88.7416
,,,266.7,6/1/1941,10/11/2019,42.8508,"WHITEWATER, WI US",1,GHCND:USC00479190,METERS,-88.7247
,,,467,4/1/1934,10/11/2019,45.70871,"WILLOW RESERVOIR, WI US",1,GHCND:USC00479236,METERS,-89.8483
,,,413,1/1/1915,10/9/2019,45.7992,"WINTER, WI US",1,GHCND:USC00479304,METERS,-90.9947
,,,254.5,5/1/1922,9/30/2019,43.6088,"WISCONSIN DELLS, WI US",1,GHCND:USC00479319,METERS,-89.7666
,,,314.9,2/1/1903,5/17/2013,44.388,"WISCONSIN RAPIDS, WI US",1,GHCND:USC00479335,METERS,-89.8055
,,,310.9,6/1/1948,10/11/2019,44.3994,"WIS RAPIDS GRAND AV B, WI US",1,GHCND:USC00479345,METERS,-89.8305
,,,456.9,3/1/1999,10/11/2019,45.15,"ANTIGO WISCONSIN, WI US",0.9281,GHCND:USR0000WANT,METERS,-89.15
,,,295.7,8/1/1998,10/11/2019,44.6981,"AUGUSTA WISCONSIN, WI US",0.9151,GHCND:USR0000WAUG,METERS,-91.1342
,,,368.8,2/1/1999,10/11/2019,46.4,"BARNES WISCONSIN, WI US",0.9281,GHCND:USR0000WBAR,METERS,-91.5
,,,255.4,9/1/1998,10/11/2019,44.3003,"BLACK RIVER FALLS WISCONSIN, WI US",0.9621,GHCND:USR0000WBRF,METERS,-90.835
,,,384,3/1/1997,10/11/2019,43.1,"DODGEVILLE WISCONSIN, WI US",0.9431,GHCND:USR0000WDDG,METERS,-90
,,,472.4,4/1/1997,10/11/2019,46.14,"GLIDDEN WISCONSIN, WI US",0.9281,GHCND:USR0000WGLI,METERS,-90
,,,495,5/1/1998,10/10/2019,45.6314,"RHINELANDER ONEIDA CO AIRPORT, WI US",1,GHCND:USW00004803,METERS,-89.4823
,,,310.6,7/1/1996,10/10/2019,44.35917,"WISCONSIN RAPIDS ALEXANDER FIELD, WI US",1,GHCND:USW00004826,METERS,-89.83694
,,,246,8/1/1996,10/8/2019,43.76944,"FOND DU LAC CO AIRPORT, WI US",1,GHCND:USW00004840,METERS,-88.49083
,,,227.4,9/1/1996,10/8/2019,43.76944,"SHEBOYGAN CO MEMORIAL AIRPORT, WI US",1,GHCND:USW00004841,METERS,-87.85056
,,,226.5,11/1/1997,10/8/2019,42.595,"KENOSHA REGIONAL AIRPORT, WI US",1,GHCND:USW00004845,METERS,-87.93806
,,,264,10/1/1939,10/10/2019,43.1405,"MADISON DANE CO REGIONAL AIRPORT, WI US",1,GHCND:USW00014837,METERS,-89.3452
,,,204.2,4/1/1938,10/10/2019,42.955,"MILWAUKEE MITCHELL INTERNATIONAL AIRPORT, WI US",1,GHCND:USW00014839,METERS,-87.9044
,,,365.8,12/1/1941,10/10/2019,44.9288,"WAUSAU ASOS, WI US",1,GHCND:USW00014897,METERS,-89.6277
,,,209.4,1886-09-01,10/10/2019,44.4794,"GREEN BAY A S INTERNATIONAL AIRPORT, WI US",1,GHCND:USW00014898,METERS,-88.1366
,,,198.7,4/1/1938,10/10/2019,43.8788,"LA CROSSE MUNICIPAL AIRPORT, WI US",1,GHCND:USW00014920,METERS,-91.2527
,,,218.5,6/1/1948,10/8/2019,43.21194,"LONE ROCK TRI CO AIRPORT, WI US",1,GHCND:USW00014921,METERS,-90.18139
,,,269.7,10/1/1949,10/10/2019,44.8665,"CHIPPEWA VALLEY REGIONAL AIRPORT, WI US",1,GHCND:USW00014991,METERS,-91.4879
,,,301.8,7/1/1950,8/31/2019,45.7728,"GRANTSBURG, WI US",1,GHCND:USW00014995,METERS,-92.6886
,,,284.4,10/1/2004,10/10/2019,44.0604,"NECEDAH 5 WNW, WI US",1,GHCND:USW00054903,METERS,-90.1737
,,,205.4,3/1/1998,10/8/2019,42.76111,"RACINE BATTEN AIRPORT, WI US",1,GHCND:USW00094818,METERS,-87.81361
,,,238.4,7/1/1996,10/10/2019,43.98444,"OSHKOSH WITTMAN REGIONAL AIRPORT, WI US",1,GHCND:USW00094855,METERS,-88.55694
,,,251.8,10/1/1998,10/10/2019,46.54861,"ASHLAND KENNEDY MEMORIAL AIRPORT, WI US",1,GHCND:USW00094929,METERS,-90.91889
,,,367,7/1/1996,10/8/2019,46.02611,"HAYWARD MUNICIPAL AIRPORT, WI US",1,GHCND:USW00094973,METERS,-91.44417
,,,382.5,7/1/1996,10/10/2019,44.63806,"MARSHFIELD MUNICIPAL AIRPORT, WI US",1,GHCND:USW00094985,METERS,-90.1875
,,,204.8,2/1/1999,10/10/2019,43.15611,"BOSCOBEL AIRPORT, WI US",1,GHCND:USW00094994,METERS,-90.6775
,,,446.2,5/23/1996,10/11/2019,44.90722,"GAYLORD, MI US",0.95,NEXRAD:KAPX,METERS,-84.71972
,,,388.9,7/8/1996,10/11/2019,43.82278,"LA CROSSE, WI US",0.95,NEXRAD:KARX,METERS,-91.19111
,,,435.3,10/5/1995,10/11/2019,46.83694,"DULUTH, MN US",0.95,NEXRAD:KDLH,METERS,-92.20972
,,,229.8,1/9/1995,10/11/2019,41.61167,"DAVENPORT, IA US",0.95,NEXRAD:KDVN,METERS,-90.58083
,,,207.9,6/13/1995,10/11/2019,44.49833,"GREEN BAY, WI US",0.95,NEXRAD:KGRB,METERS,-88.11111
,,,237.1,9/21/1995,10/11/2019,42.89389,"GRAND RAPIDS, MI US",0.95,NEXRAD:KGRR,METERS,-85.54472
,,,292.6,12/9/1997,10/11/2019,41.40861,"FORT WAYNE, IN US",0.95,NEXRAD:KIWX,METERS,-85.7
,,,202.1,4/13/1995,10/11/2019,41.60444,"CHICAGO, IL US",0.95,NEXRAD:KLOT,METERS,-88.08472
,,,292,4/27/1995,10/11/2019,42.96778,"MILWAUKEE, WI US",0.95,NEXRAD:KMKX,METERS,-88.55056
,,,288.3,5/30/1995,10/11/2019,44.84889,"MINNEAPOLIS, MN US",0.95,NEXRAD:KMPX,METERS,-93.56528
,,,430.1,10/16/1995,10/11/2019,46.53111,"MARQUETTE, MI US",0.95,NEXRAD:KMQT,METERS,-87.54833
,,,312.1,1/1/2009,10/11/2019,42.683,"PLATTEVILLE MUNICIPAL AIRPORT, WI US",1,WBAN:00183,METERS,-90.45
,,,248.1,2/1/2009,10/11/2019,44.783,"SHAWANO MUNICIPAL AIRPORT, WI US",1,WBAN:00185,METERS,-88.55
,,,255.1,11/18/2010,10/11/2019,44.251,"BLACK RIVER FALLS AREA AIRPORT, WI US",1,WBAN:00286,METERS,-90.855
,,,491,12/15/2011,10/11/2019,46.117,"MANITOWISH WATERS AIRPORT, WI US",1,WBAN:00297,METERS,-89.883
,,,378.3,3/9/2011,10/11/2019,45.506,"CUMBERLAND MUNICIPAL AIRPORT, WI US",1,WBAN:00316,METERS,-91.981
,,,495,1/1/2005,10/11/2019,45.6314,"RHINELANDER ONEIDA CO AIRPORT, WI US",1,WBAN:04803,METERS,-89.4823
,,,220.7,1/1/2005,10/11/2019,44.85,"STURGEON BAY DOOR CO CHERRYLAND AIRPORT, WI US",1,WBAN:04824,METERS,-87.41667
,,,279.5,1/1/2005,10/11/2019,44.26667,"APPLETON OUTAGAMIE CO AIRPORT, WI US",1,WBAN:04825,METERS,-88.51667
,,,310.6,1/1/2005,10/11/2019,44.35917,"WISCONSIN RAPIDS ALEXANDER FIELD, WI US",1,WBAN:04826,METERS,-89.83694
,,,246,1/1/1999,10/11/2019,43.76944,"FOND DU LAC CO AIRPORT, WI US",1,WBAN:04840,METERS,-88.49083
,,,227.4,1/1/2005,10/11/2019,43.76944,"SHEBOYGAN CO MEMORIAL AIRPORT, WI US",1,WBAN:04841,METERS,-87.85056
,,,226.5,1/1/2005,10/11/2019,42.595,"KENOSHA REGIONAL AIRPORT, WI US",1,WBAN:04845,METERS,-87.93806
,,,463.9,1/1/2005,10/11/2019,45.15417,"ANTIGO LANGLADE CO AIRPORT, WI US",1,WBAN:04864,METERS,-89.11056
,,,496.8,1/1/2005,10/11/2019,45.92778,"LAKELAND NOBLE LEE MEMORIAL FIELD AIRPORT, WI US",1,WBAN:04865,METERS,-89.73083
,,,237.4,1/1/2005,10/11/2019,42.69,"BURLINGTON MUNICIPAL AIRPORT, WI US",1,WBAN:04866,METERS,-88.30361
,,,330.7,1/1/2005,10/11/2019,42.61472,"MONROE MUNICIPAL AIRPORT, WI US",1,WBAN:04873,METERS,-89.59056
,,,269.4,1/1/2005,10/11/2019,43.41667,"WEST BEND MUNICIPAL AIRPORT, WI US",1,WBAN:04875,METERS,-88.13333
,,,401.4,1/1/2005,10/11/2019,45.19917,"MERRILL MUNICIPAL AIRPORT, WI US",1,WBAN:04891,METERS,-89.71139
,,,338.3,1/1/2005,10/11/2019,44.55,"STEVENS POINT MUNICIPAL AIRPORT, WI US",1,WBAN:04895,METERS,-89.53333
,,,277.7,1/1/2005,10/11/2019,43.04083,"WAUKESHA CO AIRPORT, WI US",1,WBAN:04897,METERS,-88.23694
,,,285.3,1/1/2005,10/11/2019,43.42639,"JUNEAU DODGE CO AIRPORT, WI US",1,WBAN:04898,METERS,-88.70306
,,,201.5,1/1/2005,10/11/2019,43.01917,"PRAIRIE DU CHIEN MUNICIPAL AIRPORT, WI US",1,WBAN:04963,METERS,-91.12361
,,,237.7,1/1/2005,10/11/2019,44.58917,"RED WING REGIONAL AIRPORT, WI US",1,WBAN:04967,METERS,-92.48472
,,,304.2,1/1/2005,10/11/2019,45.15,"NEW RICHMOND MUNICIPAL AIRPORT, WI US",1,WBAN:04968,METERS,-92.53333
,,,301.4,1/1/2005,10/11/2019,45.8225,"SIREN BURNETT CO AIRPORT, WI US",1,WBAN:04972,METERS,-92.3725
,,,272.8,1/1/2005,10/11/2019,44.89222,"MENOMONIE MUNICIPAL AIRPORT SCORE FIELD, WI US",1,WBAN:04995,METERS,-91.86778
,,,264,1/1/1948,10/11/2019,43.1405,"MADISON DANE CO REGIONAL AIRPORT, WI US",1,WBAN:14837,METERS,-89.3452
,,,204.2,1/1/1948,10/11/2019,42.955,"MILWAUKEE MITCHELL INTERNATIONAL AIRPORT, WI US",1,WBAN:14839,METERS,-87.9044
,,,519.4,1/1/2006,10/11/2019,46.15,"KINGS LAND O LAKES AIRPORT, WI US",1,WBAN:14886,METERS,-89.21667
,,,365.8,11/11/1949,10/11/2019,44.9288,"WAUSAU ASOS, WI US",1,WBAN:14897,METERS,-89.6277
,,,209.4,9/1/1949,10/11/2019,44.4794,"GREEN BAY A S INTERNATIONAL AIRPORT, WI US",1,WBAN:14898,METERS,-88.1366
,,,198.7,1/1/1948,10/11/2019,43.8788,"LA CROSSE MUNICIPAL AIRPORT, WI US",1,WBAN:14920,METERS,-91.2527
,,,218.5,12/1/1948,10/11/2019,43.21194,"LONE ROCK TRI CO AIRPORT, WI US",0.63,WBAN:14921,METERS,-90.18139
,,,269.7,10/1/1949,10/11/2019,44.8665,"CHIPPEWA VALLEY REGIONAL AIRPORT, WI US",1,WBAN:14991,METERS,-91.4879
,,,250.5,4/7/2005,10/11/2019,44.61389,"CLINTONVILLE MUNICIPAL AIRPORT, WI US",1,WBAN:54832,METERS,-88.73139
,,,297.5,4/7/2005,10/11/2019,43.52194,"BARABOO WISCONSIN DELLS AIRPORT, WI US",1,WBAN:54833,METERS,-89.77361
,,,249.9,4/19/2005,10/11/2019,43.16667,"WATERTOWN MUNICIPAL AIRPORT, WI US",1,WBAN:54834,METERS,-88.71667
,,,500.5,5/5/2005,10/11/2019,45.93167,"EAGLE RIVER UNION AIRPORT, WI US",1,WBAN:54838,METERS,-89.26889
,,,251.8,1/1/2006,10/11/2019,44.33333,"WAUPACA MUNICIPAL AIRPORT, WI US",1,WBAN:54852,METERS,-89.01972
,,,284.4,10/1/2004,9/20/2019,44.0604,"NECEDAH 5 WNW, WI US",1,WBAN:54903,METERS,-90.1737
,,,356.9,4/19/2005,10/11/2019,42.88667,"MINERAL POINT IOWA CO AIRPORT, WI US",1,WBAN:54907,METERS,-90.23611
,,,205.4,4/19/2005,10/11/2019,46.68944,"SUPERIOR RICHARD I BONG AIRPORT, WI US",1,WBAN:54908,METERS,-92.09444
,,,336.8,4/19/2005,10/11/2019,45.41861,"RICE LAKE REGIONAL AIRPORT CARLS FIELD, WI US",1,WBAN:54909,METERS,-91.77333
,,,448.1,5/5/2005,10/11/2019,45.10083,"MEDFORD TAYLOR CO AIRPORT, WI US",1,WBAN:54911,METERS,-90.30333
,,,275.2,5/5/2005,10/11/2019,45.30833,"OSCEOLA L O SIMENSTAD MUNICIPAL AIRPORT, WI US",1,WBAN:54912,METERS,-92.69
,,,456.3,5/5/2005,10/11/2019,45.70889,"PHILLIPS PRICE CO AIRPORT, WI US",1,WBAN:54913,METERS,-90.40222
,,,377.3,11/27/2006,10/11/2019,45.49694,"LADYSMITH RUSK CO AIRPORT, WI US",1,WBAN:54928,METERS,-91.00056
,,,452.9,1/1/2006,10/11/2019,45.46917,"TOMAHAWK REGIONAL AIRPORT, WI US",1,WBAN:54953,METERS,-89.80556
,,,205.4,1/1/2005,10/11/2019,42.76111,"RACINE BATTEN AIRPORT, WI US",1,WBAN:94818,METERS,-87.81361
,,,246.3,4/26/2005,10/11/2019,42.61667,"JANESVILLE ROCK CO, WI US",1,WBAN:94854,METERS,-89.03333
,,,238.4,1/1/2005,10/11/2019,43.98444,"OSHKOSH WITTMAN REGIONAL AIRPORT, WI US",1,WBAN:94855,METERS,-88.55694
,,,223.7,1/1/1968,10/11/2019,43.1086,"MILWAUKEE TIMMERMAN AIRPORT, WI US",1,WBAN:94869,METERS,-88.0306
,,,389.2,2/24/2005,10/11/2019,44.78333,"MOSINEE, WI US",1,WBAN:94890,METERS,-89.66667
,,,198.4,1/1/2005,10/11/2019,44.13333,"MANITOWOC, WI US",1,WBAN:94897,METERS,-87.66667
,,,251.8,1/1/2005,10/11/2019,46.54861,"ASHLAND KENNEDY MEMORIAL AIRPORT, WI US",1,WBAN:94929,METERS,-90.91889
,,,278,10/1/1961,10/11/2019,43.93333,"VOLK FIELD ANG, WI US",0.78,WBAN:94930,METERS,-90.26667
,,,252.7,1/1/2005,10/11/2019,43.96667,"SPARTA FORT MCCOY, WI US",1,WBAN:94940,METERS,-90.73333
,,,367,1/1/2005,10/11/2019,46.02611,"HAYWARD MUNICIPAL AIRPORT, WI US",1,WBAN:94973,METERS,-91.44417
,,,382.5,1/1/2005,10/11/2019,44.63806,"MARSHFIELD MUNICIPAL AIRPORT, WI US",1,WBAN:94985,METERS,-90.1875
,,,204.8,1/1/2005,10/11/2019,43.15611,"BOSCOBEL AIRPORT, WI US",1,WBAN:94994,METERS,-90.6775
